en,counts
0.0087991199999998,657514
0.0187981199999999,585954
0.0287971199999999,453232
0.0387961199999999,289245
0.0487951199999999,132097
0.0587941199999999,4825
0.0687931199999999,0
0.0787921199999999,0
0.0887911199999999,0
0.0987901199999999,0
0.10878912,0
0.11878812,0
0.12878712,0
0.13878612,0
0.14878512,0
0.15878412,0
0.16878312,0
0.17878212,0
0.18878112,10
0.19878012,0
0.20877912,2
0.21877812,0
0.22877712,4
0.23877612,1
0.24877512,4
0.25877412,4
0.26877312,4
0.27877212,0
0.28877112,1
0.29877012,2
0.30876912,0
0.31876812,0
0.32876712,0
0.33876612,0
0.34876512,0
0.35876412,0
0.36876312,352
0.37876212,319
0.38876112,334
0.39876012,335
0.40875912,320
0.41875812,325
0.42875712,286
0.43875612,322
0.44875512,324
0.45875412,336
0.46875312,339
0.47875212,319
0.48875112,327
0.49875012,323
0.50874912,294
0.51874812,333
0.52874712,283
0.53874612,278
0.54874512,289
0.55874412,310
0.56874312,274
0.57874212,282
0.58874112,303
0.59874012,253
0.60873912,284
0.61873812,233
0.62873712,253
0.63873612,243
0.64873512,223
0.65873412,218
0.66873312,216
0.67873212,199
0.68873112,231
0.69873012,225
0.70872912,212
0.71872812,215
0.72872712,220
0.73872612,211
0.74872512,184
0.75872412,227
0.76872312,219
0.77872212,197
0.78872112,218
0.79872012,182
0.80871912,186
0.81871812,189
0.82871712,181
0.83871612,176
0.84871512,184
0.85871412,187
0.86871312,177
0.87871212,190
0.88871112,176
0.89871012,181
0.90870912,154
0.91870812,161
0.92870712,148
0.93870612,146
0.94870512,139
0.95870412,168
0.96870312,150
0.97870212,131
0.98870112,157
0.99870012,151
1.00869912,137
1.01869812,135
1.02869712,146
1.03869612,127
1.04869512,164
1.05869412,150
1.06869312,151
1.07869212,140
1.08869112,131
1.09869012,93
1.10868912,95
1.11868812,124
1.12868712,135
1.13868612,122
1.14868512,114
1.15868412,126
1.16868312,120
1.17868212,88
1.18868112,100
1.19868012,99
1.20867912,111
1.21867812,106
1.22867712,93
1.23867612,82
1.24867512,88
1.25867412,106
1.26867312,95
1.27867212,97
1.28867112,85
1.29867012,74
1.30866912,84
1.31866812,92
1.32866712,81
1.33866612,75
1.34866512,62
1.35866412,51
1.36866312,58
1.37866212,69
1.38866112,59
1.39866012,69
1.40865912,76
1.41865812,52
1.42865712,47
1.43865612,54
1.44865512,48
1.45865412,66
1.46865312,71
1.47865212,81
1.48865112,76
1.49865012,69
1.50864912,55
1.51864812,43
1.52864712,55
1.53864612,43
1.54864512,40
1.55864412,33
1.56864312,30
1.57864212,20
1.58864112,26
1.59864012,13
1.60863912,17
1.61863812,21
1.62863712,12
1.63863612,17
1.64863512,5
1.65863412,31
1.66863312,38
1.67863212,21
1.68863112,23
1.69863012,22
1.70862912,20
1.71862812,34
1.72862712,34
1.73862612,25
1.74862512,25
1.75862412,41
1.76862312,6
1.77862212,23
1.78862112,31
1.79862012,20
1.80861912,21
1.81861812,4
1.82861712,18
1.83861612,18
1.84861512,21
1.85861412,40
1.86861312,14
1.87861212,16
1.88861112,40
1.89861012,21
1.90860912,27
1.91860812,10
1.92860712,14
1.93860612,4
1.94860512,15
1.95860412,20
1.96860312,0
1.97860212,13
1.98860112,14
1.99860012,0
2.00859912,22
2.01859812,23
2.02859712,21
2.03859612,13
2.04859512,7
2.05859412,6
2.06859312,0
2.07859212,4
2.08859112,15
2.09859012,22
2.10858912,6
2.11858812,0
2.12858712,15
2.13858612,8
2.14858512,1
2.15858412,14
2.16858312,19
2.17858212,16
2.18858112,2
2.19858012,1
2.20857912,0
2.21857812,0
2.22857712,3
2.23857612,0
2.24857512,8
2.25857412,15
2.26857312,10
2.27857212,11
2.28857112,18
2.29857012,12
2.30856912,12
2.31856812,21
2.32856712,15
2.33856612,5
2.34856512,7
2.35856412,0
2.36856312,0
2.37856212,1
2.38856112,0
2.39856012,9
2.40855912,13
2.41855812,7
2.42855712,0
2.43855612,10
2.44855512,13
2.45855412,4
2.46855312,0
2.47855212,0
2.48855112,0
2.49855012,0
2.50854912,3
2.51854812,19
2.52854712,55
2.53854612,114
2.54854512,220
2.55854412,329
2.56854312,409
2.57854212,508
2.58854112,670
2.59854012,831
2.60853912,922
2.61853812,977
2.62853712,1056
2.63853612,1092
2.64853512,1068
2.65853412,1061
2.66853312,1010
2.67853212,903
2.68853112,845
2.69853012,789
2.70852912,682
2.71852812,613
2.72852712,545
2.73852612,494
2.74852512,437
2.75852412,432
2.76852312,414
2.77852212,412
2.78852112,408
2.79852012,426
2.80851912,435
2.81851812,469
2.82851712,514
2.83851612,513
2.84851512,498
2.85851412,480
2.86851312,496
2.87851212,484
2.88851112,448
2.89851012,471
2.90850912,561
2.91850812,643
2.92850712,735
2.93850612,789
2.94850512,921
2.95850412,951
2.96850312,1059
2.97850212,1155
2.98850112,1103
2.99850012,1043
3.00849912,930
3.01849812,812
3.02849712,790
3.03849612,709
3.04849512,632
3.05849412,617
3.06849312,629
3.07849212,662
3.08849112,796
3.09849012,925
3.10848912,1048
3.11848812,1180
3.12848712,1266
3.13848612,1283
3.14848512,1265
3.15848412,1231
3.16848312,1158
3.17848212,1050
3.18848112,881
3.19848012,736
3.20847912,647
3.21847812,513
3.22847712,406
3.23847612,380
3.24847512,360
3.25847412,345
3.26847312,395
3.27847212,457
3.28847112,495
3.29847012,539
3.30846912,536
3.31846812,588
3.32846712,602
3.33846612,551
3.34846512,554
3.35846412,525
3.36846312,441
3.37846212,411
3.38846112,365
3.39846012,309
3.40845912,238
3.41845812,170
3.42845712,120
3.43845612,97
3.44845512,80
3.45845412,79
3.46845312,54
3.47845212,30
3.48845112,52
3.49845012,60
3.50844912,60
3.51844812,80
3.52844712,101
3.53844612,89
3.54844512,95
3.55844412,107
3.56844312,109
3.57844212,127
3.58844112,135
3.59844012,153
3.60843912,188
3.61843812,193
3.62843712,237
3.63843612,324
3.64843512,373
3.65843412,429
3.66843312,490
3.67843212,532
3.68843112,601
3.69843012,630
3.70842912,615
3.71842812,556
3.72842712,501
3.73842612,434
3.74842512,368
3.75842412,275
3.76842312,180
3.77842212,170
3.78842112,128
3.79842012,57
3.80841912,7
3.81841812,0
3.82841712,0
3.83841612,0
3.84841512,18
3.85841412,0
3.86841312,0
3.87841212,17
3.88841112,0
3.89841012,0
3.90840912,6
3.91840812,19
3.92840712,38
3.93840612,58
3.94840512,80
3.95840412,101
3.96840312,106
3.97840212,103
3.98840112,103
3.99840012,125
4.00839912,126
4.01839812,123
4.02839712,127
4.03839612,114
4.04839512,91
4.05839412,75
4.06839312,58
4.07839212,34
4.08839112,37
4.09839012,49
4.10838912,21
4.11838812,0
4.12838712,9
4.13838612,0
4.14838512,4
4.15838412,0
4.16838312,0
4.17838212,15
4.18838112,9
4.19838012,0
4.20837912,14
4.21837812,31
4.22837712,43
4.23837612,34
4.24837512,11
4.25837412,26
4.26837312,18
4.27837212,0
4.28837112,0
4.29837012,0
4.30836912,25
4.31836812,26
4.32836712,12
4.33836612,0
4.34836512,5
4.35836412,6
4.36836312,21
4.37836212,21
4.38836112,26
4.39836012,28
4.40835912,34
4.41835812,63
4.42835712,78
4.43835612,93
4.44835512,117
4.45835412,145
4.46835312,125
4.47835212,158
4.48835112,192
4.49835012,191
4.50834912,157
4.51834812,181
4.52834712,183
4.53834612,172
4.54834512,129
4.55834412,115
4.56834312,76
4.57834212,58
4.58834112,46
4.59834012,41
4.60833912,19
4.61833812,0
4.62833712,11
4.63833612,0
4.64833512,12
4.65833412,7
4.66833312,0
4.67833212,8
4.68833112,16
4.69833012,7
4.70832912,0
4.71832812,0
4.72832712,1
4.73832612,1
4.74832512,9
4.75832412,0
4.76832312,14
4.77832212,49
4.78832112,67
4.79832012,152
4.80831912,274
4.81831812,449
4.82831712,705
4.83831612,1061
4.84831512,1533
4.85831412,2095
4.86831312,2718
4.87831212,3433
4.88831112,4365
4.89831012,5339
4.90830912,6274
4.91830812,7147
4.92830712,7782
4.93830612,8338
4.94830512,8577
4.95830412,8503
4.96830312,8189
4.97830212,7792
4.98830112,7028
4.99830012,6192
5.00829912,5351
5.01829812,4431
5.02829712,3589
5.03829612,2793
5.04829512,1968
5.05829412,1403
5.06829312,981
5.07829212,710
5.08829112,454
5.09829012,231
5.10828912,88
5.11828812,68
5.12828712,16
5.13828612,0
5.14828512,1
5.15828412,0
5.16828312,7
5.17828212,0
5.18828112,5
5.19828012,0
5.20827912,24
5.21827812,36
5.22827712,36
5.23827612,66
5.24827512,201
5.25827412,314
5.26827312,471
5.27827212,683
5.28827112,996
5.29827012,1402
5.30826912,1986
5.31826812,2705
5.32826712,3521
5.33826612,4467
5.34826512,5666
5.35826412,6877
5.36826312,7957
5.37826212,8956
5.38826112,10053
5.39826012,10627
5.40825912,11037
5.41825812,11288
5.42825712,11084
5.43825612,10386
5.44825512,9633
5.45825412,8780
5.46825312,7589
5.47825212,6451
5.48825112,5483
5.49825012,4349
5.50824912,3297
5.51824812,2432
5.52824712,1808
5.53824612,1263
5.54824512,858
5.55824412,614
5.56824312,398
5.57824212,254
5.58824112,211
5.59824012,135
5.60823912,2
5.61823812,6
5.62823712,77
5.63823612,76
5.64823512,29
5.65823412,50
5.66823312,28
5.67823212,41
5.68823112,29
5.69823012,49
5.70822912,136
5.71822812,211
5.72822712,269
5.73822612,298
5.74822512,441
5.75822412,741
5.76822312,1079
5.77822212,1484
5.78822112,2064
5.79822012,2751
5.80821912,3599
5.81821812,4735
5.82821712,5741
5.83821612,6854
5.84821512,8004
5.85821412,9106
5.86821312,10236
5.87821212,10977
5.88821112,11542
5.89821012,11753
5.90820912,11619
5.91820812,11333
5.92820712,10671
5.93820612,9904
5.94820512,8972
5.95820412,7786
5.96820312,6630
5.97820212,5538
5.98820112,4465
5.99820012,3581
6.00819912,2836
6.01819812,2215
6.02819712,1553
6.03819612,1162
6.04819512,810
6.05819412,594
6.06819312,416
6.07819212,301
6.08819112,249
6.09819012,131
6.10818912,21
6.11818812,17
6.12818712,46
6.13818612,61
6.14818512,88
6.15818412,113
6.16818312,111
6.17818212,85
6.18818112,103
6.19818012,126
6.20817912,185
6.21817812,202
6.22817712,280
6.23817612,447
6.24817512,619
6.25817412,897
6.26817312,1200
6.27817212,1674
6.28817112,2235
6.29817012,2885
6.30816912,3813
6.31816812,4776
6.32816712,5894
6.33816612,6884
6.34816512,7872
6.35816412,9054
6.36816312,10097
6.37816212,10847
6.38816112,11570
6.39816012,11853
6.40815912,11919
6.41815812,11802
6.42815712,11344
6.43815612,10707
6.44815512,9855
6.45815412,8757
6.46815312,7621
6.47815212,6700
6.48815112,5745
6.49815012,4796
6.50814912,3959
6.51814812,3177
6.52814712,2540
6.53814612,1996
6.54814512,1508
6.55814412,1241
6.56814312,927
6.57814212,666
6.58814112,487
6.59814012,344
6.60813912,272
6.61813812,182
6.62813712,116
6.63813612,60
6.64813512,49
6.65813412,108
6.66813312,45
6.67813212,0
6.68813112,11
6.69813012,46
6.70812912,87
6.71812812,0
6.72812712,37
6.73812612,128
6.74812512,201
6.75812412,297
6.76812312,424
6.77812212,615
6.78812112,985
6.79812012,1427
6.80811912,1833
6.81811812,2326
6.82811712,2951
6.83811612,3946
6.84811512,4963
6.85811412,5879
6.86811312,7037
6.87811212,7972
6.88811112,8770
6.89811012,9610
6.90810912,10166
6.91810812,10645
6.92810712,10825
6.93810612,10578
6.94810512,10405
6.95810412,9966
6.96810312,9226
6.97810212,8397
6.98810112,7613
6.99810012,6767
7.00809912,5835
7.01809812,4965
7.02809712,4279
7.03809612,3716
7.04809512,3194
7.05809412,2781
7.06809312,2374
7.07809212,1985
7.08809112,1607
7.09809012,1329
7.10808912,1144
7.11808812,932
7.12808712,766
7.13808612,623
7.14808512,434
7.15808412,309
7.16808312,180
7.17808212,87
7.18808112,0
7.19808012,30
7.20807912,0
7.21807812,5
7.22807712,23
7.23807612,0
7.24807512,27
7.25807412,15
7.26807312,0
7.27807212,35
7.28807112,159
7.29807012,173
7.30806912,314
7.31806812,543
7.32806712,820
7.33806612,1143
7.34806512,1529
7.35806412,2121
7.36806312,2713
7.37806212,3399
7.38806112,4233
7.39806012,5104
7.40805912,6075
7.41805812,7134
7.42805712,8077
7.43805612,8714
7.44805512,9444
7.45805412,10025
7.46805312,10236
7.47805212,10330
7.48805112,10105
7.49805012,9753
7.50804912,9232
7.51804812,8376
7.52804712,7456
7.53804612,6760
7.54804512,5847
7.55804412,4918
7.56804312,4216
7.57804212,3670
7.58804112,3155
7.59804012,2670
7.60803912,2357
7.61803812,2125
7.62803712,1950
7.63803612,1830
7.64803512,1570
7.65803412,1411
7.66803312,1277
7.67803212,1136
7.68803112,1004
7.69803012,946
7.70802912,832
7.71802812,709
7.72802712,566
7.73802612,382
7.74802512,218
7.75802412,94
7.76802312,72
7.77802212,52
7.78802112,59
7.79802012,0
7.80801912,0
7.81801812,60
7.82801712,0
7.83801612,0
7.84801512,87
7.85801412,170
7.86801312,198
7.87801212,364
7.88801112,590
7.89801012,826
7.90800912,1139
7.91800812,1543
7.92800712,1990
7.93800612,2531
7.94800512,3257
7.95800412,4056
7.96800312,4822
7.97800212,5697
7.98800112,6376
7.99800012,7052
8.00799912,7693
8.01799812,8226
8.02799712,8622
8.03799612,8853
8.04799512,8927
8.05799412,8648
8.06799312,8207
8.07799212,7768
8.08799112,7128
8.09799012,6355
8.10798912,5714
8.11798812,5100
8.12798712,4416
8.13798612,3619
8.14798512,3027
8.15798412,2461
8.16798312,2061
8.17798212,1862
8.18798112,1751
8.19798012,1648
8.20797912,1459
8.21797812,1341
8.22797712,1423
8.23797612,1552
8.24797512,1522
8.25797412,1407
8.26797312,1376
8.27797212,1398
8.28797112,1318
8.29797012,1236
8.30796912,1183
8.31796812,1166
8.32796712,1021
8.33796612,825
8.34796512,742
8.35796412,677
8.36796312,644
8.37796212,533
8.38796112,434
8.39796012,387
8.40795912,332
8.41795812,333
8.42795712,263
8.43795612,234
8.44795512,376
8.45795412,441
8.46795312,498
8.47795212,828
8.48795112,1180
8.49795012,1455
8.50794912,1905
8.51794812,2440
8.52794712,3054
8.53794612,3693
8.54794512,4447
8.55794412,5304
8.56794312,6040
8.57794212,6763
8.58794112,7551
8.59794012,8093
8.60793912,8555
8.61793812,9019
8.62793712,9119
8.63793612,9112
8.64793512,8941
8.65793412,8523
8.66793312,8022
8.67793212,7410
8.68793112,6697
8.69793012,6036
8.70792912,5246
8.71792812,4387
8.72792712,3683
8.73792612,3085
8.74792512,2511
8.75792412,1939
8.76792312,1600
8.77792212,1347
8.78792112,1112
8.79792012,953
8.80791912,970
8.81791812,918
8.82791712,870
8.83791612,996
8.84791512,1061
8.85791412,1095
8.86791312,1169
8.87791212,1175
8.88791112,1165
8.89791012,1218
8.90790912,1301
8.91790812,1371
8.92790712,1234
8.93790612,1077
8.94790512,986
8.95790412,981
8.96790312,902
8.97790212,793
8.98790112,773
8.99790012,601
9.00789912,505
9.01789812,430
9.02789712,389
9.03789612,352
9.04789512,304
9.05789412,291
9.06789312,174
9.07789212,199
9.08789112,248
9.09789012,216
9.10788912,209
9.11788812,161
9.12788712,129
9.13788612,100
9.14788512,252
9.15788412,335
9.16788312,220
9.17788212,143
9.18788112,170
9.19788012,225
9.20787912,232
9.21787812,240
9.22787712,179
9.23787612,200
9.24787512,278
9.25787412,306
9.26787312,349
9.27787212,281
9.28787112,177
9.29787012,293
9.30786912,372
9.31786812,288
9.32786712,276
9.33786612,275
9.34786512,233
9.35786412,232
9.36786312,259
9.37786212,258
9.38786112,243
9.39786012,278
9.40785912,309
9.41785812,290
9.42785712,412
9.43785612,523
9.44785512,497
9.45785412,531
9.46785312,666
9.47785212,813
9.48785112,925
9.49785012,948
9.50784912,1021
9.51784812,1160
9.52784712,1205
9.53784612,1287
9.54784512,1323
9.55784412,1319
9.56784312,1357
9.57784212,1432
9.58784112,1444
9.59784012,1259
9.60783912,1307
9.61783812,1281
9.62783712,1114
9.63783612,1028
9.64783512,876
9.65783412,725
9.66783312,761
9.67783212,719
9.68783112,540
9.69783012,483
9.70782912,413
9.71782812,319
9.72782712,325
9.73782612,371
9.74782512,398
9.75782412,329
9.76782312,307
9.77782212,315
9.78782112,266
9.79782012,247
9.80781912,227
9.81781812,227
9.82781712,162
9.83781612,109
9.84781512,112
9.85781412,188
9.86781312,240
9.87781212,163
9.88781112,162
9.89781012,221
9.90780912,287
9.91780812,203
9.92780712,219
9.93780612,221
9.94780512,124
9.95780412,282
9.96780312,306
9.97780212,223
9.98780112,248
9.99780012,323
10.00779912,297
10.01779812,192
10.02779712,159
10.03779612,266
10.04779512,295
10.05779412,186
10.06779312,169
10.07779212,163
10.08779112,216
10.09779012,244
10.10778912,189
10.11778812,219
10.12778712,215
10.13778612,214
10.14778512,249
10.15778412,247
10.16778312,314
10.17778212,289
10.18778112,275
10.19778012,229
10.20777912,252
10.21777812,330
10.22777712,376
10.23777612,364
10.24777512,375
10.25777412,327
10.26777312,252
10.27777212,229
10.28777112,222
10.29777012,270
10.30776912,329
10.31776812,301
10.32776712,248
10.33776612,225
10.34776512,262
10.35776412,322
10.36776312,311
10.37776212,305
10.38776112,392
10.39776012,451
10.40775912,331
10.41775812,266
10.42775712,334
10.43775612,375
10.44775512,341
10.45775412,315
10.46775312,258
10.47775212,283
10.48775112,338
10.49775012,177
10.50774912,211
10.51774812,270
10.52774712,268
10.53774612,252
10.54774512,253
10.55774412,365
10.56774312,394
10.57774212,342
10.58774112,365
10.59774012,471
10.60773912,413
10.61773812,330
10.62773712,368
10.63773612,369
10.64773512,330
10.65773412,338
10.66773312,340
10.67773212,329
10.68773112,309
10.69773012,291
10.70772912,370
10.71772812,288
10.72772712,250
10.73772612,365
10.74772512,312
10.75772412,304
10.76772312,361
10.77772212,314
10.78772112,333
10.79772012,330
10.80771912,226
10.81771812,254
10.82771712,265
10.83771612,199
10.84771512,182
10.85771412,257
10.86771312,311
10.87771212,317
10.88771112,320
10.89771012,357
10.90770912,421
10.91770812,334
10.92770712,345
10.93770612,328
10.94770512,335
10.95770412,358
10.96770312,324
10.97770212,256
10.98770112,265
10.99770012,298
11.00769912,315
11.01769812,266
11.02769712,354
11.03769612,394
11.04769512,315
11.05769412,287
11.06769312,275
11.07769212,342
11.08769112,379
11.09769012,302
11.10768912,198
11.11768812,143
11.12768712,242
11.13768612,284
11.14768512,241
11.15768412,300
11.16768312,259
11.17768212,267
11.18768112,328
11.19768012,268
11.20767912,337
11.21767812,313
11.22767712,248
11.23767612,314
11.24767512,289
11.25767412,226
11.26767312,227
11.27767212,265
11.28767112,220
11.29767012,199
11.30766912,160
11.31766812,183
11.32766712,344
11.33766612,287
11.34766512,209
11.35766412,268
11.36766312,219
11.37766212,219
11.38766112,239
11.39766012,281
11.40765912,182
11.41765812,162
11.42765712,198
11.43765612,247
11.44765512,282
11.45765412,271
11.46765312,312
11.47765212,198
11.48765112,161
11.49765012,178
11.50764912,263
11.51764812,278
11.52764712,257
11.53764612,207
11.54764512,143
11.55764412,131
11.56764312,154
11.57764212,154
11.58764112,228
11.59764012,232
11.60763912,212
11.61763812,180
11.62763712,236
11.63763612,254
11.64763512,228
11.65763412,206
11.66763312,314
11.67763212,266
11.68763112,188
11.69763012,106
11.70762912,162
11.71762812,271
11.72762712,162
11.73762612,146
11.74762512,255
11.75762412,258
11.76762312,221
11.77762212,285
11.78762112,248
11.79762012,243
11.80761912,141
11.81761812,69
11.82761712,196
11.83761612,165
11.84761512,112
11.85761412,226
11.86761312,294
11.87761212,193
11.88761112,156
11.89761012,134
11.90760912,148
11.91760812,149
11.92760712,214
11.93760612,206
11.94760512,112
11.95760412,42
11.96760312,97
11.97760212,255
11.98760112,312
11.99760012,284
12.00759912,157
12.01759812,209
12.02759712,234
12.03759612,213
12.04759512,177
12.05759412,173
12.06759312,141
12.07759212,215
12.08759112,115
12.09759012,147
12.10758912,109
12.11758812,186
12.12758712,153
12.13758612,122
12.14758512,65
12.15758412,93
12.16758312,57
12.17758212,174
12.18758112,169
12.19758012,146
12.20757912,213
12.21757812,170
12.22757712,119
12.23757612,249
12.24757512,189
12.25757412,210
12.26757312,141
12.27757212,213
12.28757112,182
12.29757012,165
12.30756912,174
12.31756812,145
12.32756712,64
12.33756612,180
12.34756512,0
12.35756412,169
12.36756312,105
12.37756212,27
12.38756112,137
12.39756012,138
12.40755912,131
12.41755812,113
12.42755712,130
12.43755612,177
12.44755512,177
12.45755412,58
12.46755312,231
12.47755212,146
12.48755112,125
12.49755012,110
12.50754912,87
12.51754812,166
12.52754712,242
12.53754612,221
12.54754512,221
12.55754412,107
12.56754312,221
12.57754212,237
12.58754112,222
12.59754012,191
12.60753912,136
12.61753812,149
12.62753712,240
12.63753612,129
12.64753512,134
12.65753412,236
12.66753312,241
12.67753212,239
12.68753112,212
12.69753012,138
12.70752912,68
12.71752812,174
12.72752712,134
12.73752612,114
12.74752512,196
12.75752412,203
12.76752312,145
12.77752212,96
12.78752112,112
12.79752012,129
12.80751912,96
12.81751812,167
12.82751712,24
12.83751612,136
12.84751512,263
12.85751412,240
12.86751312,234
12.87751212,156
12.88751112,138
12.89751012,148
12.90750912,167
12.91750812,167
12.92750712,144
12.93750612,100
12.94750512,199
12.95750412,78
12.96750312,184
12.97750212,240
12.98750112,133
12.99750012,71
13.00749912,51
13.01749812,99
13.02749712,181
13.03749612,113
13.04749512,257
13.05749412,204
13.06749312,129
13.07749212,89
13.08749112,124
13.09749012,179
13.10748912,188
13.11748812,109
13.12748712,184
13.13748612,139
13.14748512,53
13.15748412,79
13.16748312,156
13.17748212,59
13.18748112,71
13.19748012,128
13.20747912,240
13.21747812,184
13.22747712,199
13.23747612,225
13.24747512,224
13.25747412,115
13.26747312,163
13.27747212,163
13.28747112,159
13.29747012,130
13.30746912,197
13.31746812,117
13.32746712,181
13.33746612,194
13.34746512,69
13.35746412,38
13.36746312,90
13.37746212,87
13.38746112,0
13.39746012,120
13.40745912,134
13.41745812,180
13.42745712,154
13.43745612,152
13.44745512,109
13.45745412,37
13.46745312,60
13.47745212,55
13.48745112,101
13.49745012,62
13.50744912,177
13.51744812,223
13.52744712,141
13.53744612,89
13.54744512,11
13.55744412,86
13.56744312,14
13.57744212,123
13.58744112,131
13.59744012,148
13.60743912,133
13.61743812,149
13.62743712,143
13.63743612,176
13.64743512,196
13.65743412,151
13.66743312,56
13.67743212,95
13.68743112,135
13.69743012,100
13.70742912,111
13.71742812,205
13.72742712,123
13.73742612,160
13.74742512,17
13.75742412,131
13.76742312,44
13.77742212,115
13.78742112,137
13.79742012,133
13.80741912,22
13.81741812,109
13.82741712,169
13.83741612,38
13.84741512,117
13.85741412,215
13.86741312,111
13.87741212,98
13.88741112,79
13.89741012,94
13.90740912,145
13.91740812,72
13.92740712,114
13.93740612,165
13.94740512,103
13.95740412,48
13.96740312,118
13.97740212,119
13.98740112,127
13.99740012,126
14.00739912,205
14.01739812,56
14.02739712,149
14.03739612,68
14.04739512,89
14.05739412,168
14.06739312,215
14.07739212,89
14.08739112,178
14.09739012,190
14.10738912,215
14.11738812,149
14.12738712,103
14.13738612,59
14.14738512,182
14.15738412,119
14.16738312,165
14.17738212,143
14.18738112,29
14.19738012,89
14.20737912,85
14.21737812,39
14.22737712,166
14.23737612,53
14.24737512,29
14.25737412,62
14.26737312,90
14.27737212,54
14.28737112,164
14.29737012,178
14.30736912,0
14.31736812,38
14.32736712,118
14.33736612,181
14.34736512,97
14.35736412,142
14.36736312,139
14.37736212,92
14.38736112,69
14.39736012,77
14.40735912,26
14.41735812,133
14.42735712,96
14.43735612,181
14.44735512,11
14.45735412,31
14.46735312,162
14.47735212,113
14.48735112,169
14.49735012,80
14.50734912,97
14.51734812,112
14.52734712,9
14.53734612,4
14.54734512,120
14.55734412,46
14.56734312,149
14.57734212,142
14.58734112,206
14.59734012,52
14.60733912,207
14.61733812,123
14.62733712,80
14.63733612,23
14.64733512,130
14.65733412,49
14.66733312,153
14.67733212,143
14.68733112,22
14.69733012,147
14.70732912,124
14.71732812,33
14.72732712,25
14.73732612,114
14.74732512,54
14.75732412,59
14.76732312,104
14.77732212,0
14.78732112,119
14.79732012,127
14.80731912,77
14.81731812,19
14.82731712,148
14.83731612,96
14.84731512,164
14.85731412,102
14.86731312,160
14.87731212,105
14.88731112,87
14.89731012,144
14.90730912,175
14.91730812,97
14.92730712,96
14.93730612,77
14.94730512,51
14.95730412,74
14.96730312,119
14.97730212,81
14.98730112,30
14.99730012,89
15.00729912,4
15.01729812,14
15.02729712,94
15.03729612,132
15.04729512,116
15.05729412,167
15.06729312,77
15.07729212,73
15.08729112,149
15.09729012,12
15.10728912,32
15.11728812,96
15.12728712,72
15.13728612,52
15.14728512,86
15.15728412,18
15.16728312,95
15.17728212,91
15.18728112,82
15.19728012,130
15.20727912,69
15.21727812,21
15.22727712,131
15.23727612,35
15.24727512,0
15.25727412,159
15.26727312,66
15.27727212,94
15.28727112,130
15.29727012,133
15.30726912,59
15.31726812,138
15.32726712,42
15.33726612,0
15.34726512,17
15.35726412,31
15.36726312,124
15.37726212,121
15.38726112,89
15.39726012,70
15.40725912,137
15.41725812,151
15.42725712,104
15.43725612,192
15.44725512,113
15.45725412,140
15.46725312,94
15.47725212,86
15.48725112,185
15.49725012,114
15.50724912,122
15.51724812,71
15.52724712,80
15.53724612,145
15.54724512,67
15.55724412,54
15.56724312,79
15.57724212,143
15.58724112,91
15.59724012,35
15.60723912,15
15.61723812,111
15.62723712,103
15.63723612,39
15.64723512,148
15.65723412,76
15.66723312,150
15.67723212,113
15.68723112,65
15.69723012,78
15.70722912,26
15.71722812,139
15.72722712,77
15.73722612,133
15.74722512,167
15.75722412,89
15.76722312,110
15.77722212,90
15.78722112,165
15.79722012,133
15.80721912,31
15.81721812,116
15.82721712,138
15.83721612,148
15.84721512,108
15.85721412,80
15.86721312,175
15.87721212,5
15.88721112,128
15.89721012,61
15.90720912,62
15.91720812,145
15.92720712,109
15.93720612,148
15.94720512,100
15.95720412,89
15.96720312,0
15.97720212,108
15.98720112,44
15.99720012,267
16.00719912,97
16.01719812,49
16.02719712,9
16.03719612,87
16.04719512,211
16.05719412,134
16.06719312,109
16.07719212,109
16.08719112,91
16.09719012,126
16.10718912,61
16.11718812,20
16.12718712,150
16.13718612,122
16.14718512,89
16.15718412,121
16.16718312,186
16.17718212,130
16.18718112,45
16.19718012,99
16.20717912,134
16.21717812,93
16.22717712,116
16.23717612,118
16.24717512,108
16.25717412,123
16.26717312,41
16.27717212,137
16.28717112,100
16.29717012,61
16.30716912,96
16.31716812,141
16.32716712,81
16.33716612,68
16.34716512,48
16.35716412,99
16.36716312,35
16.37716212,120
16.38716112,130
16.39716012,115
16.40715912,134
16.41715812,110
16.42715712,147
16.43715612,81
16.44715512,65
16.45715412,36
16.46715312,170
16.47715212,182
16.48715112,84
16.49715012,31
16.50714912,7
16.51714812,93
16.52714712,125
16.53714612,135
16.54714512,42
16.55714412,78
16.56714312,4
16.57714212,77
16.58714112,55
16.59714012,68
16.60713912,0
16.61713812,47
16.62713712,101
16.63713612,104
16.64713512,42
16.65713412,34
16.66713312,107
16.67713212,21
16.68713112,57
16.69713012,103
16.70712912,73
16.71712812,93
16.72712712,65
16.73712612,124
16.74712512,54
16.75712412,132
16.76712312,57
16.77712212,91
16.78712112,51
16.79712012,77
16.80711912,103
16.81711812,48
16.82711712,129
16.83711612,73
16.84711512,72
16.85711412,78
16.86711312,70
16.87711212,72
16.88711112,26
16.89711012,56
16.90710912,6
16.91710812,26
16.92710712,96
16.93710612,90
16.94710512,12
16.95710412,84
16.96710312,88
16.97710212,38
16.98710112,52
16.99710012,12
17.00709912,74
17.01709812,57
17.02709712,34
17.03709612,91
17.04709512,70
17.05709412,75
17.06709312,43
17.07709212,108
17.08709112,49
17.09709012,22
17.10708912,14
17.11708812,41
17.12708712,83
17.13708612,92
17.14708512,106
17.15708412,6
17.16708312,111
17.17708212,92
17.18708112,82
17.19708012,73
17.20707912,130
17.21707812,76
17.22707712,40
17.23707612,0
17.24707512,0
17.25707412,6
17.26707312,0
17.27707212,61
17.28707112,55
17.29707012,23
17.30706912,81
17.31706812,100
17.32706712,39
17.33706612,44
17.34706512,81
17.35706412,14
17.36706312,13
17.37706212,35
17.38706112,21
17.39706012,24
17.40705912,89
17.41705812,102
17.42705712,139
17.43705612,59
17.44705512,60
17.45705412,23
17.46705312,26
17.47705212,0
17.48705112,8
17.49705012,21
17.50704912,0
17.51704812,19
17.52704712,41
17.53704612,67
17.54704512,35
17.55704412,45
17.56704312,11
17.57704212,2
17.58704112,51
17.59704012,71
17.60703912,70
17.61703812,0
17.62703712,0
17.63703612,93
17.64703512,79
17.65703412,108
17.66703312,48
17.67703212,58
17.68703112,72
17.69703012,85
17.70702912,42
17.71702812,0
17.72702712,29
17.73702612,45
17.74702512,40
17.75702412,45
17.76702312,113
17.77702212,98
17.78702112,12
17.79702012,36
17.80701912,32
17.81701812,37
17.82701712,39
17.83701612,0
17.84701512,22
17.85701412,29
17.86701312,76
17.87701212,109
17.88701112,50
17.89701012,36
17.90700912,39
17.91700812,0
17.92700712,0
17.93700612,86
17.94700512,33
17.95700412,64
17.96700312,45
17.97700212,79
17.98700112,82
17.99700012,28
18.00699912,61
18.01699812,64
18.02699712,5
18.03699612,46
18.04699512,0
18.05699412,15
18.06699312,34
18.07699212,18
18.08699112,33
18.09699012,61
18.10698912,77
18.11698812,70
18.12698712,132
18.13698612,144
18.14698512,282
18.15698412,257
18.16698312,162
18.17698212,261
18.18698112,218
18.19698012,281
18.20697912,261
18.21697812,317
18.22697712,349
18.23697612,367
18.24697512,391
18.25697412,455
18.26697312,594
18.27697212,621
18.28697112,551
18.29697012,614
18.30696912,750
18.31696812,817
18.32696712,881
18.33696612,889
18.34696512,950
18.35696412,1062
18.36696312,1169
18.37696212,1177
18.38696112,1265
18.39696012,1425
18.40695912,1562
18.41695812,1573
18.42695712,1705
18.43695612,1839
18.44695512,1982
18.45695412,2048
18.46695312,2186
18.47695212,2391
18.48695112,2568
18.49695012,2730
18.50694912,2893
18.51694812,3026
18.52694712,3144
18.53694612,3280
18.54694512,3535
18.55694412,3702
18.56694312,3788
18.57694212,4001
18.58694112,4203
18.59694012,4206
18.60693912,4455
18.61693812,4605
18.62693712,4606
18.63693612,4774
18.64693512,4831
18.65693412,4977
18.66693312,5225
18.67693212,5362
18.68693112,5392
18.69693012,5348
18.70692912,5505
18.71692812,5645
18.72692712,5747
18.73692612,5662
18.74692512,5838
18.75692412,6004
18.76692312,5921
18.77692212,5899
18.78692112,5933
18.79692012,5892
18.80691912,5938
18.81691812,6023
18.82691712,5928
18.83691612,5733
18.84691512,5588
18.85691412,5556
18.86691312,5581
18.87691212,5489
18.88691112,5448
18.89691012,5256
18.90690912,5099
18.91690812,4957
18.92690712,4845
18.93690612,4801
18.94690512,4575
18.95690412,4443
18.96690312,4330
18.97690212,4207
18.98690112,3948
18.99690012,3813
19.00689912,3719
19.01689812,3490
19.02689712,3362
19.03689612,3125
19.04689512,3041
19.05689412,2943
19.06689312,2745
19.07689212,2687
19.08689112,2550
19.09689012,2306
19.10688912,2140
19.11688812,2017
19.12688712,1862
19.13688612,1736
19.14688512,1584
19.15688412,1575
19.16688312,1491
19.17688212,1423
19.18688112,1251
19.19688012,1168
19.20687912,1121
19.21687812,1033
19.22687712,963
19.23687612,895
19.24687512,798
19.25687412,762
19.26687312,680
19.27687212,569
19.28687112,557
19.29687012,491
19.30686912,445
19.31686812,386
19.32686712,370
19.33686612,351
19.34686512,275
19.35686412,246
19.36686312,230
19.37686212,213
19.38686112,115
19.39686012,144
19.40685912,155
19.41685812,112
19.42685712,74
19.43685612,122
19.44685512,149
19.45685412,68
19.46685312,19
19.47685212,39
19.48685112,3
19.49685012,9
19.50684912,0
19.51684812,39
19.52684712,55
19.53684612,63
19.54684512,7
19.55684412,0
19.56684312,32
19.57684212,44
19.58684112,53
19.59684012,42
19.60683912,6
19.61683812,0
19.62683712,47
19.63683612,41
19.64683512,1
19.65683412,0
19.66683312,28
19.67683212,41
19.68683112,53
19.69683012,47
19.70682912,47
19.71682812,66
19.72682712,0
19.73682612,12
19.74682512,17
19.75682412,28
19.76682312,47
19.77682212,44
19.78682112,25
19.79682012,20
19.80681912,6
19.81681812,0
19.82681712,3
19.83681612,5
19.84681512,0
19.85681412,1
19.86681312,0
19.87681212,7
19.88681112,22
19.89681012,42
19.90680912,22
19.91680812,5
19.92680712,65
19.93680612,74
19.94680512,80
19.95680412,151
19.96680312,197
19.97680212,185
19.98680112,237
19.99680012,314
20.00679912,372
20.01679812,418
20.02679712,470
20.03679612,518
20.04679512,571
20.05679412,622
20.06679312,656
20.07679212,651
20.08679112,720
20.09679012,752
20.10678912,806
20.11678812,828
20.12678712,818
20.13678612,826
20.14678512,889
20.15678412,966
20.16678312,991
20.17678212,947
20.18678112,889
20.19678012,935
20.20677912,937
20.21677812,911
20.22677712,913
20.23677612,873
20.24677512,808
20.25677412,764
20.26677312,731
20.27677212,648
20.28677112,620
20.29677012,583
20.30676912,514
20.31676812,410
20.32676712,369
20.33676612,331
20.34676512,289
20.35676412,242
20.36676312,179
20.37676212,130
20.38676112,86
20.39676012,53
20.40675912,34
20.41675812,32
20.42675712,0
20.43675612,0
20.44675512,12
20.45675412,26
20.46675312,44
20.47675212,13
20.48675112,23
20.49675012,10
20.50674912,0
20.51674812,0
20.52674712,13
20.53674612,27
20.54674512,12
20.55674412,11
20.56674312,4
20.57674212,32
20.58674112,64
20.59674012,92
20.60673912,86
20.61673812,63
20.62673712,96
20.63673612,119
20.64673512,99
20.65673412,78
20.66673312,134
20.67673212,154
20.68673112,169
20.69673012,207
20.70672912,210
20.71672812,239
20.72672712,237
20.73672612,247
20.74672512,247
20.75672412,268
20.76672312,301
20.77672212,328
20.78672112,306
20.79672012,322
20.80671912,343
20.81671812,365
20.82671712,375
20.83671612,369
20.84671512,393
20.85671412,378
20.86671312,356
20.87671212,376
20.88671112,382
20.89671012,416
20.90670912,447
20.91670812,437
20.92670712,421
20.93670612,460
20.94670512,476
20.95670412,449
20.96670312,440
20.97670212,495
20.98670112,540
20.99670012,494
21.00669912,492
21.01669812,480
21.02669712,466
21.03669612,488
21.04669512,479
21.05669412,475
21.06669312,466
21.07669212,434
21.08669112,437
21.09669012,436
21.10668912,418
21.11668812,419
21.12668712,428
21.13668612,384
21.14668512,383
21.15668412,439
21.16668312,429
21.17668212,376
21.18668112,372
21.19668012,403
21.20667912,376
21.21667812,345
21.22667712,364
21.23667612,347
21.24667512,340
21.25667412,307
21.26667312,273
21.27667212,272
21.28667112,274
21.29667012,276
21.30666912,238
21.31666812,226
21.32666712,215
21.33666612,201
21.34666512,196
21.35666412,167
21.36666312,203
21.37666212,192
21.38666112,150
21.39666012,187
21.40665912,164
21.41665812,129
21.42665712,149
21.43665612,146
21.44665512,125
21.45665412,93
21.46665312,83
21.47665212,96
21.48665112,102
21.49665012,72
21.50664912,80
21.51664812,92
21.52664712,65
21.53664612,71
21.54664512,48
21.55664412,40
21.56664312,48
21.57664212,35
21.58664112,28
21.59664012,26
21.60663912,18
21.61663812,0
21.62663712,0
21.63663612,12
21.64663512,30
21.65663412,11
21.66663312,0
21.67663212,24
21.68663112,53
21.69663012,29
21.70662912,25
21.71662812,34
21.72662712,11
21.73662612,20
21.74662512,30
21.75662412,1
21.76662312,4
21.77662212,23
21.78662112,3
21.79662012,0
21.80661912,3
21.81661812,7
21.82661712,4
21.83661612,8
21.84661512,10
21.85661412,24
21.86661312,32
21.87661212,18
21.88661112,20
21.89661012,20
21.90660912,3
21.91660812,0
21.92660712,4
21.93660612,0
21.94660512,19
21.95660412,27
21.96660312,21
21.97660212,27
21.98660112,28
21.99660012,27
22.00659912,14
22.01659812,27
22.02659712,33
22.03659612,26
22.04659512,19
22.05659412,3
22.06659312,7
22.07659212,44
22.08659112,30
22.09659012,15
22.10658912,20
22.11658812,1
22.12658712,0
22.13658612,9
22.14658512,26
22.15658412,21
22.16658312,20
22.17658212,35
22.18658112,24
22.19658012,13
22.20657912,14
22.21657812,19
22.22657712,7
22.23657612,2
22.24657512,17
22.25657412,29
22.26657312,25
22.27657212,19
22.28657112,10
22.29657012,8
22.30656912,1
22.31656812,16
22.32656712,38
22.33656612,26
22.34656512,20
22.35656412,9
22.36656312,13
22.37656212,1
22.38656112,0
22.39656012,9
22.40655912,11
22.41655812,3
22.42655712,17
22.43655612,31
22.44655512,20
22.45655412,2
22.46655312,1
22.47655212,8
22.48655112,8
22.49655012,10
22.50654912,9
22.51654812,6
22.52654712,8
22.53654612,15
22.54654512,18
22.55654412,6
22.56654312,31
22.57654212,65
22.58654112,48
22.59654012,43
22.60653912,59
22.61653812,58
22.62653712,57
22.63653612,59
22.64653512,61
22.65653412,72
22.66653312,83
22.67653212,74
22.68653112,70
22.69653012,75
22.70652912,87
22.71652812,85
22.72652712,89
22.73652612,99
22.74652512,78
22.75652412,72
22.76652312,70
22.77652212,77
22.78652112,75
22.79652012,54
22.80651912,54
22.81651812,46
22.82651712,56
22.83651612,56
22.84651512,41
22.85651412,25
22.86651312,34
22.87651212,41
22.88651112,45
22.89651012,35
22.90650912,23
22.91650812,30
22.92650712,22
22.93650612,15
22.94650512,25
22.95650412,22
22.96650312,14
22.97650212,20
22.98650112,17
22.99650012,12
23.00649912,8
23.01649812,15
23.02649712,14
23.03649612,20
23.04649512,29
23.05649412,26
23.06649312,15
23.07649212,3
23.08649112,22
23.09649012,36
23.10648912,32
23.11648812,32
23.12648712,33
23.13648612,28
23.14648512,29
23.15648412,22
23.16648312,17
23.17648212,19
23.18648112,22
23.19648012,23
23.20647912,23
23.21647812,25
23.22647712,39
23.23647612,23
23.24647512,14
23.25647412,9
23.26647312,24
23.27647212,13
23.28647112,2
23.29647012,13
23.30646912,31
23.31646812,43
23.32646712,34
23.33646612,12
23.34646512,12
23.35646412,19
23.36646312,0
23.37646212,10
23.38646112,14
23.39646012,12
23.40645912,14
23.41645812,3
23.42645712,2
23.43645612,0
23.44645512,6
23.45645412,5
23.46645312,9
23.47645212,17
23.48645112,14
23.49645012,9
23.50644912,11
23.51644812,4
23.52644712,9
23.53644612,13
23.54644512,9
23.55644412,10
23.56644312,15
23.57644212,19
23.58644112,18
23.59644012,17
23.60643912,20
23.61643812,25
23.62643712,24
23.63643612,12
23.64643512,18
23.65643412,21
23.66643312,21
23.67643212,15
23.68643112,14
23.69643012,10
23.70642912,14
23.71642812,21
23.72642712,9
23.73642612,0
23.74642512,11
23.75642412,22
23.76642312,20
23.77642212,15
23.78642112,6
23.79642012,9
23.80641912,15
23.81641812,13
23.82641712,20
23.83641612,22
23.84641512,27
23.85641412,25
23.86641312,5
23.87641212,14
23.88641112,37
23.89641012,32
23.90640912,28
23.91640812,24
23.92640712,15
23.93640612,27
23.94640512,21
23.95640412,14
23.96640312,15
23.97640212,22
23.98640112,14
23.99640012,18
24.00639912,17
24.01639812,15
24.02639712,20
24.03639612,9
24.04639512,14
24.05639412,7
24.06639312,25
24.07639212,23
24.08639112,24
24.09639012,15
24.10638912,17
24.11638812,20
24.12638712,15
24.13638612,19
24.14638512,18
24.15638412,15
24.16638312,11
24.17638212,9
24.18638112,7
24.19638012,10
24.20637912,8
24.21637812,4
24.22637712,2
24.23637612,0
24.24637512,8
24.25637412,11
24.26637312,12
24.27637212,21
24.28637112,30
24.29637012,10
24.30636912,6
24.31636812,20
24.32636712,22
24.33636612,13
24.34636512,3
24.35636412,4
24.36636312,9
24.37636212,8
24.38636112,16
24.39636012,20
24.40635912,10
24.41635812,12
24.42635712,7
24.43635612,15
24.44635512,21
24.45635412,10
24.46635312,13
24.47635212,10
24.48635112,14
24.49635012,13
24.50634912,14
24.51634812,5
24.52634712,2
24.53634612,12
24.54634512,9
24.55634412,12
24.56634312,12
24.57634212,22
24.58634112,26
24.59634012,18
24.60633912,8
24.61633812,11
24.62633712,18
24.63633612,13
24.64633512,8
24.65633412,9
24.66633312,14
24.67633212,18
24.68633112,15
24.69633012,14
24.70632912,13
24.71632812,9
24.72632712,9
24.73632612,14
24.74632512,9
24.75632412,10
24.76632312,21
24.77632212,27
24.78632112,26
24.79632012,20
24.80631912,15
24.81631812,7
24.82631712,16
24.83631612,19
24.84631512,24
24.85631412,19
24.86631312,7
24.87631212,12
24.88631112,14
24.89631012,16
24.90630912,15
24.91630812,15
24.92630712,1
24.93630612,7
24.94630512,11
24.95630412,10
24.96630312,18
24.97630212,22
24.98630112,20
24.99630012,6
25.00629912,21
25.01629812,13
25.02629712,2
25.03629612,0
25.04629512,16
25.05629412,9
25.06629312,12
25.07629212,15
25.08629112,15
25.09629012,15
25.10628912,9
25.11628812,15
25.12628712,17
25.13628612,4
25.14628512,16
25.15628412,8
25.16628312,7
25.17628212,2
25.18628112,2
25.19628012,6
25.20627912,10
25.21627812,14
25.22627712,9
25.23627612,13
25.24627512,14
25.25627412,21
25.26627312,4
25.27627212,6
25.28627112,7
25.29627012,6
25.30626912,23
25.31626812,14
25.32626712,17
25.33626612,20
25.34626512,30
25.35626412,6
25.36626312,0
25.37626212,2
25.38626112,11
25.39626012,16
25.40625912,8
25.41625812,12
25.42625712,14
25.43625612,18
25.44625512,28
25.45625412,18
25.46625312,21
25.47625212,17
25.48625112,15
25.49625012,11
25.50624912,6
25.51624812,5
25.52624712,13
25.53624612,22
25.54624512,16
25.55624412,14
25.56624312,3
25.57624212,12
25.58624112,22
25.59624012,22
25.60623912,16
25.61623812,0
25.62623712,9
25.63623612,18
25.64623512,0
25.65623412,20
25.66623312,23
25.67623212,6
25.68623112,19
25.69623012,15
25.70622912,14
25.71622812,7
25.72622712,15
25.73622612,16
25.74622512,2
25.75622412,12
25.76622312,14
25.77622212,8
25.78622112,7
25.79622012,8
25.80621912,10
25.81621812,2
25.82621712,3
25.83621612,10
25.84621512,10
25.85621412,10
25.86621312,19
25.87621212,18
25.88621112,12
25.89621012,6
25.90620912,1
25.91620812,3
25.92620712,5
25.93620612,9
25.94620512,7
25.95620412,13
25.96620312,16
25.97620212,10
25.98620112,13
25.99620012,12
26.00619912,20
26.01619812,7
26.02619712,11
26.03619612,9
26.04619512,16
26.05619412,19
26.06619312,9
26.07619212,17
26.08619112,6
26.09619012,15
26.10618912,20
26.11618812,7
26.12618712,8
26.13618612,12
26.14618512,11
26.15618412,9
26.16618312,14
26.17618212,7
26.18618112,5
26.19618012,11
26.20617912,18
26.21617812,16
26.22617712,16
26.23617612,14
26.24617512,0
26.25617412,0
26.26617312,14
26.27617212,6
26.28617112,14
26.29617012,15
26.30616912,4
26.31616812,6
26.32616712,6
26.33616612,21
26.34616512,14
26.35616412,17
26.36616312,9
26.37616212,4
26.38616112,2
26.39616012,22
26.40615912,14
26.41615812,1
26.42615712,7
26.43615612,14
26.44615512,14
26.45615412,21
26.46615312,19
26.47615212,11
26.48615112,8
26.49615012,8
26.50614912,5
26.51614812,2
26.52614712,16
26.53614612,23
26.54614512,32
26.55614412,6
26.56614312,6
26.57614212,8
26.58614112,3
26.59614012,16
26.60613912,6
26.61613812,3
26.62613712,4
26.63613612,11
26.64613512,19
26.65613412,15
26.66613312,11
26.67613212,2
26.68613112,11
26.69613012,14
26.70612912,16
26.71612812,8
26.72612712,12
26.73612612,12
26.74612512,19
26.75612412,11
26.76612312,10
26.77612212,13
26.78612112,3
26.79612012,12
26.80611912,13
26.81611812,20
26.82611712,1
26.83611612,0
26.84611512,13
26.85611412,7
26.86611312,8
26.87611212,17
26.88611112,6
26.89611012,12
26.90610912,10
26.91610812,7
26.92610712,15
26.93610612,12
26.94610512,7
26.95610412,12
26.96610312,9
26.97610212,8
26.98610112,8
26.99610012,13
27.00609912,12
27.01609812,12
27.02609712,19
27.03609612,18
27.04609512,12
27.05609412,6
27.06609312,6
27.07609212,12
27.08609112,10
27.09609012,2
27.10608912,3
27.11608812,7
27.12608712,3
27.13608612,6
27.14608512,12
27.15608412,12
27.16608312,8
27.17608212,4
27.18608112,11
27.19608012,7
27.20607912,6
27.21607812,8
27.22607712,8
27.23607612,2
27.24607512,4
27.25607412,8
27.26607312,8
27.27607212,5
27.28607112,13
27.29607012,9
27.30606912,9
27.31606812,4
27.32606712,7
27.33606612,13
27.34606512,13
27.35606412,14
27.36606312,13
27.37606212,10
27.38606112,6
27.39606012,6
27.40605912,6
27.41605812,5
27.42605712,4
27.43605612,11
27.44605512,12
27.45605412,13
27.46605312,12
27.47605212,15
27.48605112,0
27.49605012,0
27.50604912,13
27.51604812,0
27.52604712,9
27.53604612,8
27.54604512,8
27.55604412,5
27.56604312,11
27.57604212,14
27.58604112,9
27.59604012,11
27.60603912,10
27.61603812,9
27.62603712,7
27.63603612,11
27.64603512,8
27.65603412,6
27.66603312,7
27.67603212,9
27.68603112,8
27.69603012,4
27.70602912,10
27.71602812,4
27.72602712,9
27.73602612,6
27.74602512,9
27.75602412,2
27.76602312,11
27.77602212,17
27.78602112,11
27.79602012,11
27.80601912,16
27.81601812,7
27.82601712,0
27.83601612,7
27.84601512,5
27.85601412,9
27.86601312,1
27.87601212,14
27.88601112,13
27.89601012,6
27.90600912,7
27.91600812,18
27.92600712,12
27.93600612,6
27.94600512,0
27.95600412,5
27.96600312,3
27.97600212,3
27.98600112,14
27.99600012,15
28.00599912,1
28.01599812,5
28.02599712,11
28.03599612,4
28.04599512,0
28.05599412,9
28.06599312,15
28.07599212,5
28.08599112,9
28.09599012,7
28.10598912,10
28.11598812,12
28.12598712,14
28.13598612,14
28.14598512,12
28.15598412,6
28.16598312,9
28.17598212,8
28.18598112,5
28.19598012,11
28.20597912,10
28.21597812,3
28.22597712,3
28.23597612,14
28.24597512,14
28.25597412,3
28.26597312,4
28.27597212,7
28.28597112,5
28.29597012,11
28.30596912,18
28.31596812,14
28.32596712,4
28.33596612,7
28.34596512,13
28.35596412,9
28.36596312,8
28.37596212,9
28.38596112,5
28.39596012,15
28.40595912,20
28.41595812,12
28.42595712,8
28.43595612,11
28.44595512,15
28.45595412,7
28.46595312,13
28.47595212,5
28.48595112,11
28.49595012,12
28.50594912,9
28.51594812,9
28.52594712,4
28.53594612,7
28.54594512,9
28.55594412,10
28.56594312,13
28.57594212,12
28.58594112,6
28.59594012,13
28.60593912,13
28.61593812,3
28.62593712,9
28.63593612,11
28.64593512,14
28.65593412,14
28.66593312,7
28.67593212,12
28.68593112,10
28.69593012,11
28.70592912,6
28.71592812,4
28.72592712,11
28.73592612,14
28.74592512,4
28.75592412,0
28.76592312,5
28.77592212,11
28.78592112,15
28.79592012,19
28.80591912,8
28.81591812,8
28.82591712,15
28.83591612,0
28.84591512,8
28.85591412,4
28.86591312,10
28.87591212,6
28.88591112,15
28.89591012,14
28.90590912,3
28.91590812,6
28.92590712,4
28.93590612,5
28.94590512,9
28.95590412,12
28.96590312,10
28.97590212,17
28.98590112,6
28.99590012,9
29.00589912,14
29.01589812,17
29.02589712,3
29.03589612,8
29.04589512,7
29.05589412,9
29.06589312,7
29.07589212,7
29.08589112,12
29.09589012,8
29.10588912,12
29.11588812,5
29.12588712,5
29.13588612,12
29.14588512,12
29.15588412,9
29.16588312,12
29.17588212,11
29.18588112,4
29.19588012,6
29.20587912,8
29.21587812,11
29.22587712,9
29.23587612,3
29.24587512,5
29.25587412,10
29.26587312,10
29.27587212,2
29.28587112,10
29.29587012,3
29.30586912,3
29.31586812,8
29.32586712,1
29.33586612,10
29.34586512,9
29.35586412,6
29.36586312,13
29.37586212,7
29.38586112,3
29.39586012,5
29.40585912,7
29.41585812,15
29.42585712,4
29.43585612,0
29.44585512,8
29.45585412,8
29.46585312,2
29.47585212,9
29.48585112,12
29.49585012,18
29.50584912,14
29.51584812,9
29.52584712,2
29.53584612,3
29.54584512,8
29.55584412,8
29.56584312,12
29.57584212,9
29.58584112,6
29.59584012,10
29.60583912,9
29.61583812,11
29.62583712,6
29.63583612,4
29.64583512,10
29.65583412,18
29.66583312,8
29.67583212,3
29.68583112,8
29.69583012,10
29.70582912,11
29.71582812,5
29.72582712,7
29.73582612,4
29.74582512,8
29.75582412,8
29.76582312,5
29.77582212,2
29.78582112,4
29.79582012,5
29.80581912,10
29.81581812,7
29.82581712,13
29.83581612,5
29.84581512,10
29.85581412,5
29.86581312,10
29.87581212,11
29.88581112,10
29.89581012,8
29.90580912,7
29.91580812,3
29.92580712,7
29.93580612,0
29.94580512,4
29.95580412,9
29.96580312,15
29.97580212,4
29.98580112,6
29.99580012,5
30.00579912,6
30.01579812,5
30.02579712,7
30.03579612,5
30.04579512,5
30.05579412,6
30.06579312,8
30.07579212,10
30.08579112,5
30.09579012,7
30.10578912,9
30.11578812,9
30.12578712,11
30.13578612,8
30.14578512,8
30.15578412,12
30.16578312,8
30.17578212,6
30.18578112,11
30.19578012,10
30.20577912,9
30.21577812,7
30.22577712,15
30.23577612,8
30.24577512,1
30.25577412,8
30.26577312,17
30.27577212,5
30.28577112,9
30.29577012,6
30.30576912,8
30.31576812,11
30.32576712,5
30.33576612,5
30.34576512,10
30.35576412,12
30.36576312,15
30.37576212,7
30.38576112,3
30.39576012,2
30.40575912,2
30.41575812,2
30.42575712,3
30.43575612,9
30.44575512,10
30.45575412,10
30.46575312,13
30.47575212,7
30.48575112,5
30.49575012,12
30.50574912,11
30.51574812,8
30.52574712,6
30.53574612,11
30.54574512,9
30.55574412,12
30.56574312,12
30.57574212,11
30.58574112,8
30.59574012,8
30.60573912,10
30.61573812,12
30.62573712,2
30.63573612,8
30.64573512,8
30.65573412,7
30.66573312,3
30.67573212,7
30.68573112,11
30.69573012,10
30.70572912,6
30.71572812,8
30.72572712,4
30.73572612,8
30.74572512,13
30.75572412,5
30.76572312,7
30.77572212,0
30.78572112,7
30.79572012,17
30.80571912,15
30.81571812,6
30.82571712,6
30.83571612,10
30.84571512,8
30.85571412,16
30.86571312,12
30.87571212,4
30.88571112,11
30.89571012,14
30.90570912,6
30.91570812,3
30.92570712,2
30.93570612,2
30.94570512,8
30.95570412,7
30.96570312,8
30.97570212,13
30.98570112,16
30.99570012,11
31.00569912,6
31.01569812,4
31.02569712,1
31.03569612,8
31.04569512,11
31.05569412,14
31.06569312,6
31.07569212,12
31.08569112,23
31.09569012,9
31.10568912,8
31.11568812,8
31.12568712,16
31.13568612,15
31.14568512,8
31.15568412,11
31.16568312,9
31.17568212,12
31.18568112,9
31.19568012,7
31.20567912,9
31.21567812,11
31.22567712,9
31.23567612,13
31.24567512,10
31.25567412,12
31.26567312,16
31.27567212,18
31.28567112,13
31.29567012,11
31.30566912,8
31.31566812,8
31.32566712,5
31.33566612,6
31.34566512,10
31.35566412,7
31.36566312,7
31.37566212,8
31.38566112,4
31.39566012,14
31.40565912,10
31.41565812,8
31.42565712,10
31.43565612,6
31.44565512,5
31.45565412,9
31.46565312,7
31.47565212,9
31.48565112,12
31.49565012,8
31.50564912,7
31.51564812,1
31.52564712,5
31.53564612,7
31.54564512,7
31.55564412,7
31.56564312,8
31.57564212,4
31.58564112,9
31.59564012,4
31.60563912,5
31.61563812,7
31.62563712,4
31.63563612,9
31.64563512,10
31.65563412,9
31.66563312,13
31.67563212,4
31.68563112,5
31.69563012,2
31.70562912,7
31.71562812,7
31.72562712,5
31.73562612,5
31.74562512,10
31.75562412,6
31.76562312,9
31.77562212,9
31.78562112,11
31.79562012,7
31.80561912,8
31.81561812,8
31.82561712,9
31.83561612,10
31.84561512,4
31.85561412,6
31.86561312,3
31.87561212,9
31.88561112,8
31.89561012,2
31.90560912,2
31.91560812,8
31.92560712,6
31.93560612,9
31.94560512,9
31.95560412,5
31.96560312,3
31.97560212,6
31.98560112,7
31.99560012,2
32.00559912,7
32.01559812,13
32.02559712,9
32.03559612,2
32.04559512,2
32.05559412,2
32.06559312,8
32.07559212,6
32.08559112,7
32.09559012,7
32.10558912,5
32.11558812,8
32.12558712,10
32.13558612,7
32.14558512,4
32.15558412,4
32.16558312,10
32.17558212,10
32.18558112,5
32.19558012,12
32.20557912,4
32.21557812,9
32.22557712,2
32.23557612,0
32.24557512,8
32.25557412,17
32.26557312,5
32.27557212,17
32.28557112,8
32.29557012,9
32.30556912,11
32.31556812,8
32.32556712,5
32.33556612,6
32.34556512,7
32.35556412,9
32.36556312,5
32.37556212,7
32.38556112,10
32.39556012,2
32.40555912,0
32.41555812,5
32.42555712,11
32.43555612,10
32.44555512,6
32.45555412,11
32.46555312,8
32.47555212,5
32.48555112,7
32.49555012,8
32.50554912,10
32.51554812,3
32.52554712,11
32.53554612,7
32.54554512,13
32.55554412,5
32.56554312,6
32.57554212,12
32.58554112,8
32.59554012,10
32.60553912,8
32.61553812,7
32.62553712,5
32.63553612,11
32.64553512,10
32.65553412,0
32.66553312,6
32.67553212,8
32.68553112,6
32.69553012,7
32.70552912,9
32.71552812,13
32.72552712,5
32.73552612,5
32.74552512,4
32.75552412,14
32.76552312,9
32.77552212,6
32.78552112,6
32.79552012,8
32.80551912,7
32.81551812,9
32.82551712,9
32.83551612,10
32.84551512,6
32.85551412,1
32.86551312,8
32.87551212,5
32.88551112,8
32.89551012,13
32.90550912,6
32.91550812,4
32.92550712,8
32.93550612,7
32.94550512,2
32.95550412,6
32.96550312,4
32.97550212,4
32.98550112,6
32.99550012,0
33.00549912,2
33.01549812,7
33.02549712,5
33.03549612,8
33.04549512,7
33.05549412,5
33.06549312,15
33.07549212,14
33.08549112,9
33.09549012,13
33.10548912,6
33.11548812,8
33.12548712,10
33.13548612,7
33.14548512,11
33.15548412,7
33.16548312,6
33.17548212,5
33.18548112,7
33.19548012,8
33.20547912,7
33.21547812,6
33.22547712,4
33.23547612,4
33.24547512,5
33.25547412,9
33.26547312,5
33.27547212,2
33.28547112,4
33.29547012,5
33.30546912,8
33.31546812,5
33.32546712,6
33.33546612,5
33.34546512,3
33.35546412,5
33.36546312,7
33.37546212,10
33.38546112,11
33.39546012,11
33.40545912,6
33.41545812,3
33.42545712,5
33.43545612,5
33.44545512,2
33.45545412,1
33.46545312,4
33.47545212,6
33.48545112,3
33.49545012,5
33.50544912,1
33.51544812,5
33.52544712,1
33.53544612,13
33.54544512,5
33.55544412,5
33.56544312,7
33.57544212,2
33.58544112,6
33.59544012,2
33.60543912,10
33.61543812,1
33.62543712,3
33.63543612,3
33.64543512,4
33.65543412,6
33.66543312,3
33.67543212,4
33.68543112,5
33.69543012,4
33.70542912,4
33.71542812,7
33.72542712,3
33.73542612,5
33.74542512,4
33.75542412,2
33.76542312,1
33.77542212,7
33.78542112,5
33.79542012,6
33.80541912,1
33.81541812,2
33.82541712,0
33.83541612,3
33.84541512,6
33.85541412,6
33.86541312,8
33.87541212,3
33.88541112,5
33.89541012,4
33.90540912,7
33.91540812,6
33.92540712,8
33.93540612,5
33.94540512,2
33.95540412,3
33.96540312,1
33.97540212,6
33.98540112,4
33.99540012,2
34.00539912,4
34.01539812,7
34.02539712,9
34.03539612,7
34.04539512,7
34.05539412,4
34.06539312,2
34.07539212,6
34.08539112,7
34.09539012,7
34.10538912,4
34.11538812,9
34.12538712,2
34.13538612,5
34.14538512,6
34.15538412,2
34.16538312,6
34.17538212,9
34.18538112,8
34.19538012,2
34.20537912,4
34.21537812,5
34.22537712,2
34.23537612,3
34.24537512,5
34.25537412,3
34.26537312,0
34.27537212,6
34.28537112,0
34.29537012,5
34.30536912,12
34.31536812,6
34.32536712,5
34.33536612,8
34.34536512,7
34.35536412,4
34.36536312,5
34.37536212,2
34.38536112,9
34.39536012,4
34.40535912,1
34.41535812,0
34.42535712,5
34.43535612,2
34.44535512,12
34.45535412,6
34.46535312,5
34.47535212,5
34.48535112,11
34.49535012,4
34.50534912,4
34.51534812,4
34.52534712,5
34.53534612,4
34.54534512,7
34.55534412,5
34.56534312,6
34.57534212,8
34.58534112,3
34.59534012,6
34.60533912,7
34.61533812,1
34.62533712,6
34.63533612,5
34.64533512,9
34.65533412,4
34.66533312,2
34.67533212,7
34.68533112,4
34.69533012,12
34.70532912,5
34.71532812,5
34.72532712,7
34.73532612,4
34.74532512,7
34.75532412,15
34.76532312,7
34.77532212,4
34.78532112,7
34.79532012,6
34.80531912,1
34.81531812,4
34.82531712,5
34.83531612,0
34.84531512,5
34.85531412,5
34.86531312,5
34.87531212,2
34.88531112,5
34.89531012,6
34.90530912,4
34.91530812,10
34.92530712,8
34.93530612,7
34.94530512,5
34.95530412,3
34.96530312,1
34.97530212,7
34.98530112,2
34.99530012,6
35.00529912,9
35.01529812,10
35.02529712,10
35.03529612,5
35.04529512,7
35.05529412,11
35.06529312,6
35.07529212,8
35.08529112,9
35.09529012,8
35.10528912,5
35.11528812,2
35.12528712,6
35.13528612,4
35.14528512,5
35.15528412,6
35.16528312,11
35.17528212,7
35.18528112,7
35.19528012,1
35.20527912,3
35.21527812,6
35.22527712,3
35.23527612,7
35.24527512,7
35.25527412,10
35.26527312,5
35.27527212,0
35.28527112,4
35.29527012,7
35.30526912,3
35.31526812,2
35.32526712,3
35.33526612,7
35.34526512,5
35.35526412,10
35.36526312,8
35.37526212,4
35.38526112,6
35.39526012,0
35.40525912,5
35.41525812,2
35.42525712,1
35.43525612,2
35.44525512,6
35.45525412,4
35.46525312,8
35.47525212,6
35.48525112,5
35.49525012,0
35.50524912,7
35.51524812,9
35.52524712,4
35.53524612,5
35.54524512,4
35.55524412,15
35.56524312,7
35.57524212,5
35.58524112,5
35.59524012,10
35.60523912,10
35.61523812,6
35.62523712,7
35.63523612,7
35.64523512,3
35.65523412,4
35.66523312,4
35.67523212,10
35.68523112,6
35.69523012,6
35.70522912,4
35.71522812,2
35.72522712,5
35.73522612,5
35.74522512,4
35.75522412,5
35.76522312,3
35.77522212,6
35.78522112,11
35.79522012,0
35.80521912,3
35.81521812,11
35.82521712,9
35.83521612,10
35.84521512,5
35.85521412,5
35.86521312,9
35.87521212,2
35.88521112,4
35.89521012,11
35.90520912,9
35.91520812,8
35.92520712,2
35.93520612,5
35.94520512,7
35.95520412,1
35.96520312,1
35.97520212,5
35.98520112,4
35.99520012,0
36.00519912,7
36.01519812,9
36.02519712,9
36.03519612,6
36.04519512,5
36.05519412,7
36.06519312,6
36.07519212,4
36.08519112,3
36.09519012,7
36.10518912,4
36.11518812,4
36.12518712,3
36.13518612,2
36.14518512,5
36.15518412,2
36.16518312,9
36.17518212,7
36.18518112,7
36.19518012,6
36.20517912,3
36.21517812,10
36.22517712,6
36.23517612,2
36.24517512,6
36.25517412,4
36.26517312,4
36.27517212,1
36.28517112,7
36.29517012,8
36.30516912,4
36.31516812,5
36.32516712,5
36.33516612,8
36.34516512,1
36.35516412,3
36.36516312,2
36.37516212,5
36.38516112,4
36.39516012,7
36.40515912,5
36.41515812,5
36.42515712,6
36.43515612,8
36.44515512,7
36.45515412,6
36.46515312,3
36.47515212,1
36.48515112,5
36.49515012,0
36.50514912,4
36.51514812,5
36.52514712,3
36.53514612,0
36.54514512,7
36.55514412,7
36.56514312,3
36.57514212,0
36.58514112,8
36.59514012,12
36.60513912,5
36.61513812,4
36.62513712,3
36.63513612,4
36.64513512,4
36.65513412,2
36.66513312,3
36.67513212,2
36.68513112,1
36.69513012,4
36.70512912,7
36.71512812,4
36.72512712,6
36.73512612,3
36.74512512,4
36.75512412,4
36.76512312,3
36.77512212,2
36.78512112,3
36.79512012,2
36.80511912,5
36.81511812,6
36.82511712,3
36.83511612,4
36.84511512,6
36.85511412,6
36.86511312,4
36.87511212,8
36.88511112,3
36.89511012,6
36.90510912,1
36.91510812,3
36.92510712,2
36.93510612,5
36.94510512,5
36.95510412,8
36.96510312,8
36.97510212,4
36.98510112,6
36.99510012,5
37.00509912,3
37.01509812,1
37.02509712,3
37.03509612,6
37.04509512,5
37.05509412,4
37.06509312,4
37.07509212,2
37.08509112,4
37.09509012,3
37.10508912,5
37.11508812,7
37.12508712,3
37.13508612,1
37.14508512,4
37.15508412,7
37.16508312,9
37.17508212,5
37.18508112,2
37.19508012,4
37.20507912,4
37.21507812,0
37.22507712,5
37.23507612,5
37.24507512,1
37.25507412,1
37.26507312,6
37.27507212,4
37.28507112,3
37.29507012,7
37.30506912,5
37.31506812,5
37.32506712,1
37.33506612,4
37.34506512,5
37.35506412,3
37.36506312,1
37.37506212,4
37.38506112,2
37.39506012,2
37.40505912,3
37.41505812,6
37.42505712,4
37.43505612,3
37.44505512,6
37.45505412,6
37.46505312,2
37.47505212,3
37.48505112,3
37.49505012,0
37.50504912,1
37.51504812,6
37.52504712,6
37.53504612,3
37.54504512,8
37.55504412,6
37.56504312,6
37.57504212,3
37.58504112,4
37.59504012,6
37.60503912,2
37.61503812,2
37.62503712,0
37.63503612,6
37.64503512,0
37.65503412,2
37.66503312,5
37.67503212,2
37.68503112,6
37.69503012,5
37.70502912,3
37.71502812,3
37.72502712,3
37.73502612,4
37.74502512,5
37.75502412,4
37.76502312,3
37.77502212,5
37.78502112,5
37.79502012,7
37.80501912,3
37.81501812,2
37.82501712,2
37.83501612,1
37.84501512,3
37.85501412,3
37.86501312,6
37.87501212,2
37.88501112,2
37.89501012,7
37.90500912,5
37.91500812,5
37.92500712,2
37.93500612,4
37.94500512,3
37.95500412,4
37.96500312,3
37.97500212,2
37.98500112,6
37.99500012,3
38.00499912,6
38.01499812,4
38.02499712,3
38.03499612,3
38.04499512,3
38.05499412,2
38.06499312,5
38.07499212,5
38.08499112,0
38.09499012,2
38.10498912,2
38.11498812,2
38.12498712,0
38.13498612,1
38.14498512,4
38.15498412,2
38.16498312,2
38.17498212,6
38.18498112,1
38.19498012,3
38.20497912,2
38.21497812,1
38.22497712,4
38.23497612,3
38.24497512,6
38.25497412,0
38.26497312,4
38.27497212,6
38.28497112,3
38.29497012,2
38.30496912,0
38.31496812,2
38.32496712,1
38.33496612,3
38.34496512,3
38.35496412,9
38.36496312,3
38.37496212,2
38.38496112,3
38.39496012,5
38.40495912,4
38.41495812,2
38.42495712,2
38.43495612,3
38.44495512,2
38.45495412,2
38.46495312,2
38.47495212,1
38.48495112,2
38.49495012,0
38.50494912,1
38.51494812,4
38.52494712,4
38.53494612,4
38.54494512,4
38.55494412,2
38.56494312,4
38.57494212,2
38.58494112,4
38.59494012,3
38.60493912,5
38.61493812,7
38.62493712,5
38.63493612,5
38.64493512,4
38.65493412,2
38.66493312,2
38.67493212,5
38.68493112,0
38.69493012,3
38.70492912,5
38.71492812,2
38.72492712,3
38.73492612,2
38.74492512,0
38.75492412,2
38.76492312,3
38.77492212,2
38.78492112,1
38.79492012,1
38.80491912,4
38.81491812,2
38.82491712,4
38.83491612,5
38.84491512,7
38.85491412,1
38.86491312,5
38.87491212,5
38.88491112,2
38.89491012,3
38.90490912,1
38.91490812,4
38.92490712,1
38.93490612,2
38.94490512,5
38.95490412,7
38.96490312,3
38.97490212,5
38.98490112,2
38.99490012,3
39.00489912,6
39.01489812,1
39.02489712,3
39.03489612,1
39.04489512,4
39.05489412,3
39.06489312,1
39.07489212,3
39.08489112,2
39.09489012,1
39.10488912,4
39.11488812,3
39.12488712,4
39.13488612,1
39.14488512,2
39.15488412,1
39.16488312,1
39.17488212,1
39.18488112,0
39.19488012,0
39.20487912,2
39.21487812,6
39.22487712,2
39.23487612,6
39.24487512,2
39.25487412,2
39.26487312,2
39.27487212,2
39.28487112,3
39.29487012,5
39.30486912,4
39.31486812,1
39.32486712,1
39.33486612,4
39.34486512,2
39.35486412,6
39.36486312,1
39.37486212,3
39.38486112,3
39.39486012,4
39.40485912,4
39.41485812,4
39.42485712,5
39.43485612,4
39.44485512,4
39.45485412,6
39.46485312,5
39.47485212,5
39.48485112,8
39.49485012,3
39.50484912,0
39.51484812,2
39.52484712,0
39.53484612,2
39.54484512,1
39.55484412,1
39.56484312,1
39.57484212,1
39.58484112,4
39.59484012,2
39.60483912,5
39.61483812,2
39.62483712,2
39.63483612,2
39.64483512,3
39.65483412,4
39.66483312,4
39.67483212,2
39.68483112,2
39.69483012,2
39.70482912,1
39.71482812,2
39.72482712,4
39.73482612,2
39.74482512,7
39.75482412,5
39.76482312,2
39.77482212,1
39.78482112,3
39.79482012,4
39.80481912,3
39.81481812,1
39.82481712,3
39.83481612,4
39.84481512,1
39.85481412,2
39.86481312,4
39.87481212,2
39.88481112,0
39.89481012,2
39.90480912,2
39.91480812,3
39.92480712,2
39.93480612,3
39.94480512,2
39.95480412,2
39.96480312,3
39.97480212,0
39.98480112,0
