Energy,Counts
-0.95110488,0
-0.94110588,0
-0.93110688,0
-0.92110788,0
-0.91110888,0
-0.90110988,0
-0.89111088,0
-0.88111188,0
-0.87111288,0
-0.86111388,0
-0.85111488,0
-0.84111588,0
-0.83111688,0
-0.82111788,0
-0.81111888,0
-0.80111988,0
-0.79112088,0
-0.78112188,0
-0.77112288,0
-0.76112388,0
-0.75112488,0
-0.74112588,0
-0.73112688,0
-0.72112788,0
-0.71112888,0
-0.70112988,0
-0.69113088,0
-0.68113188,0
-0.67113288,0
-0.66113388,0
-0.65113488,0
-0.64113588,0
-0.63113688,0
-0.62113788,0
-0.61113888,0
-0.60113988,0
-0.59114088,0
-0.58114188,0
-0.57114288,0
-0.56114388,0
-0.55114488,0
-0.54114588,0
-0.53114688,0
-0.52114788,0
-0.51114888,0
-0.50114988,0
-0.49115088,0
-0.48115188,0
-0.47115288,0
-0.46115388,0
-0.45115488,0
-0.44115588,0
-0.43115688,0
-0.42115788,1
-0.41115888,1
-0.40115988,1
-0.39116088,6
-0.38116188,6
-0.37116288,9
-0.36116388,9
-0.35116488,15
-0.34116588,20
-0.33116688,22
-0.32116788,22
-0.31116888,21
-0.30116988,29
-0.29117088,24
-0.28117188,22
-0.27117288,22
-0.26117388,22
-0.25117488,19
-0.24117588,27
-0.23117688,27
-0.22117788,21
-0.21117888,14
-0.20117988,24
-0.19118088,20
-0.18118188,23
-0.17118288,22
-0.16118388,26
-0.15118488,26
-0.14118588,49
-0.13118688,140
-0.12118788,379
-0.11118888,1393
-0.10118988,4053
-0.09119088,10636
-0.08119188,26186
-0.07119288,58167
-0.06119388,116026
-0.05119488,210874
-0.04119588,347846
-0.03119688,518572
-0.02119788,700012
-0.01119888,854320
-0.00119988,946809
0.00879912,948745
0.01879812,861515
0.02879712,708736
0.03879612,528780
0.04879512,356324
0.05879412,218271
0.06879312,121399
0.07879212,61130
0.08879112,27843
0.09879012,11239
0.10878912,4370
0.11878812,1509
0.12878712,455
0.13878612,153
0.14878512,46
0.15878412,21
0.16878312,13
0.17878212,19
0.18878112,13
0.19878012,8
0.20877912,8
0.21877812,3
0.22877712,14
0.23877612,6
0.24877512,8
0.25877412,8
0.26877312,2
0.27877212,0.545783447
0.28877112,2.810405614
0.29877012,4.615935911
0.30876912,0.155322256
0.31876812,-3.636419552
0.32876712,0.693951215
0.33876612,-0.503729802
0.34876512,0.783547836
0.35876412,28.35563153
0.36876312,430.6155231
0.37876212,409.0913126
0.38876112,419.3051738
0.39876012,395.9326809
0.40875912,390.4523901
0.41875812,380.7320076
0.42875712,412.9263374
0.43875612,370.8339832
0.44875512,376.621123
0.45875412,347.9153854
0.46875312,380.4589423
0.47875212,359.3528599
0.48875112,380.4266808
0.49875012,376.2647638
0.50874912,368.7505071
0.51874812,387.0685801
0.52874712,362.5675711
0.53874612,353.0219802
0.54874512,351.3549574
0.55874412,333.3087577
0.56874312,312.9532978
0.57874212,332.8313114
0.58874112,343.466766
0.59874012,346.7979504
0.60873912,303.1228899
0.61873812,320.9915242
0.62873712,310.9020674
0.63873612,322.2389295
0.64873512,300.4196949
0.65873412,319.3916084
0.66873312,300.0610944
0.67873212,333.4345688
0.68873112,284.5009817
0.69873012,302.3937323
0.70872912,299.6413022
0.71872812,298.9089399
0.72872712,330.6999568
0.73872612,259.9500266
0.74872512,311.3642449
0.75872412,292.1430023
0.76872312,294.5315912
0.77872212,318.4108267
0.78872112,311.1755352
0.79872012,266.1830469
0.80871912,287.3571735
0.81871812,309.4308935
0.82871712,278.0808368
0.83871612,264.5563426
0.84871512,287.0660795
0.85871412,282.3343666
0.86871312,282.3166039
0.87871212,256.1513447
0.88871112,272.9879787
0.89871012,322.8131831
0.90870912,227.2182913
0.91870812,290.2072963
0.92870712,212.4951863
0.93870612,319.2050571
0.94870512,249.6296138
0.95870412,267.7812834
0.96870312,249.0543951
0.97870212,250.3643173
0.98870112,321.5976555
0.99870012,310.786925
1.00869912,294.6240436
1.01869812,248.5692038
1.02869712,244.4057293
1.03869612,256.5778845
1.04869512,243.180889
1.05869412,267.4175227
1.06869312,274.3624595
1.07869212,239.5572551
1.08869112,230.9712706
1.09869012,262.945501
1.10868912,256.8381298
1.11868812,241.5848549
1.12868712,244.0932344
1.13868612,228.9938832
1.14868512,233.3647173
1.15868412,233.4829949
1.16868312,213.8721225
1.17868212,256.6940097
1.18868112,231.1485097
1.19868012,210.2527888
1.20867912,215.4125931
1.21867812,218.0474623
1.22867712,215.4864812
1.23867612,210.1723446
1.24867512,204.640631
1.25867412,201.3224714
1.26867312,205.377436
1.27867212,198.203599
1.28867112,203.325362
1.29867012,209.204894
1.30866912,194.153575
1.31866812,200.6960785
1.32866712,194.7362599
1.33866612,176.1797054
1.34866512,186.968067
1.35866412,207.2252882
1.36866312,202.9238979
1.37866212,191.3982543
1.38866112,194.9527196
1.39866012,184.6225239
1.40865912,174.2560111
1.41865812,170.8011675
1.42865712,180.7568006
1.43865612,199.3842186
1.44865512,219.3186085
1.45865412,199.99493
1.46865312,185.5711303
1.47865212,194.0347204
1.48865112,181.2150982
1.49865012,209.3185124
1.50864912,213.7388923
1.51864812,205.5463917
1.52864712,169.8802467
1.53864612,158.6978032
1.54864512,154.8559764
1.55864412,173.7395348
1.56864312,155.8362282
1.57864212,158.5335237
1.58864112,134.0723763
1.59864012,143.0220047
1.60863912,143.0661395
1.61863812,120.0513147
1.62863712,120.603457
1.63863612,133.1811993
1.64863512,124.8880882
1.65863412,117.545355
1.66863312,153.7269978
1.67863212,143.4864145
1.68863112,148.5017717
1.69863012,173.4531573
1.70862912,175.2364187
1.71862812,157.7377411
1.72862712,193.5553673
1.73862612,161.7483364
1.74862512,175.788156
1.75862412,157.6112448
1.76862312,179.8473802
1.77862212,161.5995844
1.78862112,180.8368914
1.79862012,149.1333883
1.80861912,132.4375473
1.81861812,143.1476598
1.82861712,146.1485708
1.83861612,154.2341905
1.84861512,150.5442053
1.85861412,150.22808
1.86861312,148.070122
1.87861212,126.3869243
1.88861112,144.1869415
1.89861012,142.1384692
1.90860912,133.7399684
1.91860812,120.7809241
1.92860712,144.0571097
1.93860612,125.4021555
1.94860512,133.1314448
1.95860412,159.6647805
1.96860312,137.4776698
1.97860212,145.6495771
1.98860112,132.4110631
1.99860012,127.8152201
2.00859912,156.9568324
2.01859812,148.8848118
2.02859712,141.9435923
2.03859612,143.1024688
2.04859512,167.8302684
2.05859412,144.6333773
2.06859312,137.9829196
2.07859212,148.1173971
2.08859112,125.5010541
2.09859012,136.0386638
2.10858912,149.2708564
2.11858812,146.5778352
2.12858712,151.0863863
2.13858612,145.1478563
2.14858512,130.5998486
2.15858412,132.133398
2.16858312,134.8587216
2.17858212,124.786257
2.18858112,147.9636219
2.19858012,138.3007009
2.20857912,149.3618692
2.21857812,143.2846192
2.22857712,137.0488418
2.23857612,162.6676668
2.24857512,173.8126813
2.25857412,172.4290273
2.26857312,185.5808608
2.27857212,198.0649154
2.28857112,208.1872925
2.29857012,229.7286445
2.30856912,220.7123209
2.31856812,233.7175147
2.32856712,253.8742393
2.33856612,263.7357321
2.34856512,265.2046646
2.35856412,282.1509617
2.36856312,288.2119956
2.37856212,291.7059006
2.38856112,266.8310089
2.39856012,258.7296616
2.40855912,263.7877157
2.41855812,291.5137054
2.42855712,293.6449295
2.43855612,286.5787842
2.44855512,282.5796032
2.45855412,282.5571846
2.46855312,272.0336615
2.47855212,304.7226878
2.48855112,347.1880451
2.49855012,396.5833103
2.50854912,494.7699465
2.51854812,616.5886209
2.52854712,822.4209128
2.53854612,1116.526723
2.54854512,1449.755149
2.55854412,1939.142591
2.56854312,2474.910435
2.57854212,3112.196542
2.58854112,3935.692997
2.59854012,4890.894096
2.60853912,5955.297994
2.61853812,7164.901499
2.62853712,8450.578696
2.63853612,9904.324731
2.64853512,11459.92129
2.65853412,12761.48569
2.66853312,13879.82504
2.67853212,14834.85684
2.68853112,15368.54843
2.69853012,15507.62724
2.70852912,14988.09643
2.71852812,14029.46918
2.72852712,12807.55892
2.73852612,11450.38225
2.74852512,10289.42059
2.75852412,9274.003334
2.76852312,8434.600368
2.77852212,7970.745789
2.78852112,7899.720269
2.79852012,8032.642551
2.80851912,8323.831421
2.81851812,8532.601776
2.82851712,8641.472862
2.83851612,8648.042661
2.84851512,8418.24424
2.85851412,7943.376299
2.86851312,7482.210203
2.87851212,6915.679585
2.88851112,6326.556544
2.89851012,5814.544745
2.90850912,5308.705348
2.91850812,4813.028502
2.92850712,4442.722824
2.93850612,4277.295511
2.94850512,4086.409045
2.95850412,3956.929601
2.96850312,3770.846256
2.97850212,3631.423193
2.98850112,3535.35183
2.99850012,3312.987094
3.00849912,3032.98911
3.01849812,2783.317278
3.02849712,2466.544093
3.03849612,2281.016877
3.04849512,2062.75296
3.05849412,1963.307615
3.06849312,1894.916911
3.07849212,1930.226988
3.08849112,2024.189338
3.09849012,2162.289842
3.10848912,2355.175954
3.11848812,2462.798023
3.12848712,2520.586909
3.13848612,2603.058989
3.14848512,2586.433671
3.15848412,2518.129464
3.16848312,2340.914898
3.17848212,2123.390639
3.18848112,1913.293694
3.19848012,1670.340153
3.20847912,1462.880703
3.21847812,1273.932912
3.22847712,1123.642837
3.23847612,1064.901033
3.24847512,1023.816935
3.25847412,1064.812075
3.26847312,1054.691802
3.27847212,1134.356832
3.28847112,1216.441726
3.29847012,1268.065674
3.30846912,1402.681056
3.31846812,1408.995507
3.32846712,1411.073919
3.33846612,1417.635844
3.34846512,1386.263164
3.35846412,1409.050569
3.36846312,1407.654467
3.37846212,1281.535891
3.38846112,1154.653589
3.39846012,1078.904935
3.40845912,948.9007328
3.41845812,870.7781836
3.42845712,820.5384942
3.43845612,728.5001622
3.44845512,733.6320391
3.45845412,696.2782505
3.46845312,664.0581196
3.47845212,655.5438163
3.48845112,686.6123083
3.49845012,711.9911065
3.50844912,713.8421334
3.51844812,723.3976964
3.52844712,699.9615428
3.53844612,707.7503073
3.54844512,719.4672813
3.55844412,689.8287888
3.56844312,695.4514707
3.57844212,717.9877519
3.58844112,712.0450164
3.59844012,718.7612065
3.60843912,765.0255108
3.61843812,841.801756
3.62843712,897.2608274
3.63843612,969.0912004
3.64843512,1047.682831
3.65843412,1141.165159
3.66843312,1237.136943
3.67843212,1308.516518
3.68843112,1316.994517
3.69843012,1317.447714
3.70842912,1322.124334
3.71842812,1254.054345
3.72842712,1164.134666
3.73842612,1091.506638
3.74842512,1017.229549
3.75842412,921.0680833
3.76842312,819.4236346
3.77842212,745.5467165
3.78842112,676.2238284
3.79842012,629.025781
3.80841912,632.7321906
3.81841812,598.3922077
3.82841712,569.2570348
3.83841612,566.6923632
3.84841512,558.3862045
3.85841412,541.6604735
3.86841312,540.693518
3.87841212,560.5769876
3.88841112,570.520043
3.89841012,571.4059469
3.90840912,595.4351001
3.91840812,647.2796614
3.92840712,662.9681762
3.93840612,660.3961941
3.94840512,649.5819774
3.95840412,692.203793
3.96840312,734.3269323
3.97840212,711.1344433
3.98840112,724.2030268
3.99840012,762.6828989
4.00839912,765.9599968
4.01839812,787.5671521
4.02839712,758.2064186
4.03839612,756.953242
4.04839512,757.3499039
4.05839412,738.7980241
4.06839312,739.6180586
4.07839212,713.419143
4.08839112,702.1567403
4.09839012,714.9519274
4.10838912,720.9508004
4.11838812,705.8964155
4.12838712,661.4257401
4.13838612,681.6786697
4.14838512,708.686675
4.15838412,716.1185889
4.16838312,724.0370061
4.17838212,750.7199537
4.18838112,779.187748
4.19838012,740.468158
4.20837912,736.9742706
4.21837812,735.1300866
4.22837712,752.4803213
4.23837612,754.6601672
4.24837512,752.6966658
4.25837412,761.7166318
4.26837312,786.7169141
4.27837212,818.9894893
4.28837112,824.8601091
4.29837012,813.3608936
4.30836912,821.095228
4.31836812,848.361524
4.32836712,879.4349488
4.33836612,905.2656954
4.34836512,905.2918758
4.35836412,898.2822985
4.36836312,862.1734284
4.37836212,883.5745878
4.38836112,933.305564
4.39836012,947.5856624
4.40835912,966.8008081
4.41835812,1004.467025
4.42835712,1033.50516
4.43835612,1008.124594
4.44835512,1068.237298
4.45835412,1087.987872
4.46835312,1121.029594
4.47835212,1135.423366
4.48835112,1138.375488
4.49835012,1137.166503
4.50834912,1167.274586
4.51834812,1244.059048
4.52834712,1283.172163
4.53834612,1256.249886
4.54834512,1252.766192
4.55834412,1174.513097
4.56834312,1179.488531
4.57834212,1174.825987
4.58834112,1185.3858
4.59834012,1156.724506
4.60833912,1187.186879
4.61833812,1150.342078
4.62833712,1142.938498
4.63833612,1162.780079
4.64833512,1198.057436
4.65833412,1181.85613
4.66833312,1243.902922
4.67833212,1260.069131
4.68833112,1195.853508
4.69833012,1250.088019
4.70832912,1199.138877
4.71832812,1258.870536
4.72832712,1275.998924
4.73832612,1255.555428
4.74832512,1296.667399
4.75832412,1370.939244
4.76832312,1395.265998
4.77832212,1410.718578
4.78832112,1461.346891
4.79832012,1587.123153
4.80831912,1809.04508
4.81831812,1950.760102
4.82831712,2294.628851
4.83831612,2789.502237
4.84831512,3281.520312
4.85831412,3980.918458
4.86831312,4757.458564
4.87831212,5680.505774
4.88831112,6804.300327
4.89831012,7865.624081
4.90830912,8913.446638
4.91830812,9961.071702
4.92830712,10880.44594
4.93830612,11555.58149
4.94830512,11752.93736
4.95830412,11826.29311
4.96830312,11557.30073
4.97830212,10768.6669
4.98830112,9998.803235
4.99830012,9157.346553
5.00829912,8084.584556
5.01829812,6892.697501
5.02829712,5826.794469
5.03829612,4929.069757
5.04829512,4208.759564
5.05829412,3579.894338
5.06829312,3030.055115
5.07829212,2663.68829
5.08829112,2445.683685
5.09829012,2303.966423
5.10828912,2143.72244
5.11828812,2034.645644
5.12828712,1992.433676
5.13828612,1988.510726
5.14828512,2002.2494
5.15828412,2006.295181
5.16828312,1978.910751
5.17828212,2005.395203
5.18828112,2060.513745
5.19828012,2116.189873
5.20827912,2155.024727
5.21827812,2197.949328
5.22827712,2286.14096
5.23827612,2300.399346
5.24827512,2376.470177
5.25827412,2632.676009
5.26827312,2863.598417
5.27827212,3076.363996
5.28827112,3505.409014
5.29827012,4005.030866
5.30826912,4673.563812
5.31826812,5563.666092
5.32826712,6491.868148
5.33826612,7646.817016
5.34826512,8994.79889
5.35826412,10401.9742
5.36826312,11639.8302
5.37826212,12935.58544
5.38826112,14008.29114
5.39826012,14807.78582
5.40825912,15363.37975
5.41825812,15482.34485
5.42825712,15136.46954
5.43825612,14524.52539
5.44825512,13632.64464
5.45825412,12614.97387
5.46825312,11311.26542
5.47825212,10038.68133
5.48825112,8758.452115
5.49825012,7562.663958
5.50824912,6473.228869
5.51824812,5542.147119
5.52824712,4822.965116
5.53824612,4230.564778
5.54824512,3829.999172
5.55824412,3534.876019
5.56824312,3287.735933
5.57824212,3093.441417
5.58824112,3049.475302
5.59824012,3002.050107
5.60823912,2958.789163
5.61823812,2911.416991
5.62823712,2881.025372
5.63823612,2948.535721
5.64823512,2975.157634
5.65823412,2978.815391
5.66823312,3002.22799
5.67823212,3053.662403
5.68823112,3130.050567
5.69823012,3153.490625
5.70822912,3166.709165
5.71822812,3282.057056
5.72822712,3365.801274
5.73822612,3451.508185
5.74822512,3656.683659
5.75822412,3999.50016
5.76822312,4444.438722
5.77822212,5001.767596
5.78822112,5542.366733
5.79822012,6387.853232
5.80821912,7380.737228
5.81821812,8477.96151
5.82821712,9650.191443
5.83821612,11026.55676
5.84821512,12365.04565
5.85821412,13488.74161
5.86821312,14592.83331
5.87821212,15618.81559
5.88821112,16217.55196
5.89821012,16438.40706
5.90820912,16403.44418
5.91820812,16093.83853
5.92820712,15532.96317
5.93820612,14434.52047
5.94820512,13386.62629
5.95820412,12192.20957
5.96820312,10988.57555
5.97820212,9755.65675
5.98820112,8643.334579
5.99820012,7674.026063
6.00819912,6712.684952
6.01819812,5905.362263
6.02819712,5336.758175
6.03819612,4890.367145
6.04819512,4539.245898
6.05819412,4211.108787
6.06819312,4055.699695
6.07819212,3912.469347
6.08819112,3849.322924
6.09819012,3799.831846
6.10818912,3793.844555
6.11818812,3857.777962
6.12818712,3792.095042
6.13818612,3784.383526
6.14818512,3761.182664
6.15818412,3777.016224
6.16818312,3825.471424
6.17818212,3892.532728
6.18818112,3961.768245
6.19818012,4003.128156
6.20817912,3984.982932
6.21817812,3975.797225
6.22817712,4110.015374
6.23817612,4351.732373
6.24817512,4601.742441
6.25817412,4927.060165
6.26817312,5303.271933
6.27817212,5719.744203
6.28817112,6330.548791
6.29817012,7134.733606
6.30816912,8086.932026
6.31816812,9140.135837
6.32816712,10184.06459
6.33816612,11349.17189
6.34816512,12736.08382
6.35816412,13941.77175
6.36816312,15008.88518
6.37816212,15917.13375
6.38816112,16623.41588
6.39816012,16911.275
6.40815912,17003.5075
6.41815812,16797.9557
6.42815712,16282.89866
6.43815612,15543.06869
6.44815512,14698.43607
6.45815412,13613.27036
6.46815312,12625.57868
6.47815212,11556.92796
6.48815112,10457.50611
6.49815012,9518.010546
6.50814912,8461.645203
6.51814812,7633.55869
6.52814712,6999.357038
6.53814612,6422.753077
6.54814512,5968.034986
6.55814412,5685.59235
6.56814312,5326.93809
6.57814212,5126.856467
6.58814112,4996.798554
6.59814012,4720.401906
6.60813912,4606.804169
6.61813812,4590.02301
6.62813712,4485.193284
6.63813612,4405.201243
6.64813512,4372.987011
6.65813412,4400.091411
6.66813312,4388.311799
6.67813212,4455.746287
6.68813112,4503.604186
6.69813012,4435.978969
6.70812912,4501.530233
6.71812812,4558.002746
6.72812712,4494.032566
6.73812612,4526.515555
6.74812512,4717.416736
6.75812412,4902.867295
6.76812312,5052.64554
6.77812212,5313.777221
6.78812112,5647.224525
6.79812012,6127.301034
6.80811912,6656.25051
6.81811812,7330.724928
6.82811712,8053.291649
6.83811612,8813.074664
6.84811512,9908.169881
6.85811412,11127.16917
6.86811312,12205.18167
6.87811212,13245.94823
6.88811112,14237.25736
6.89811012,14979.65258
6.90810912,15641.99486
6.91810812,16273.03941
6.92810712,16503.99976
6.93810612,16487.28602
6.94810512,16081.81753
6.95810412,15368.32465
6.96810312,14621.51692
6.97810212,13750.92217
6.98810112,12789.08877
6.99810012,11929.16889
7.00809912,11040.66287
7.01809812,10244.55362
7.02809712,9566.911608
7.03809612,9001.480784
7.04809512,8462.549863
7.05809412,7798.523864
7.06809312,7382.813293
7.07809212,7123.737906
7.08809112,6810.921585
7.09809012,6521.527063
7.10808912,6227.686366
7.11808812,6044.508226
7.12808712,5809.966231
7.13808612,5677.929276
7.14808512,5603.497122
7.15808412,5421.834776
7.16808312,5265.302343
7.17808212,5257.472216
7.18808112,5210.313571
7.19808012,5158.380537
7.20807912,5151.041244
7.21807812,5208.258969
7.22807712,5284.351325
7.23807612,5258.755206
7.24807512,5169.883822
7.25807412,5153.852516
7.26807312,5242.50668
7.27807212,5289.552624
7.28807112,5365.947511
7.29807012,5546.004194
7.30806912,5672.926103
7.31806812,5725.139612
7.32806712,6038.909395
7.33806612,6446.863873
7.34806512,6840.965996
7.35806412,7577.266545
7.36806312,8328.273117
7.37806212,9167.179338
7.38806112,9953.310716
7.39806012,10871.53126
7.40805912,11774.02242
7.41805812,12846.70092
7.42805712,13989.20595
7.43805612,14758.7557
7.44805512,15459.40399
7.45805412,16054.80696
7.46805312,16254.61005
7.47805212,16228.53498
7.48805112,16167.69615
7.49805012,15685.60426
7.50804912,15279.47176
7.51804812,14503.08797
7.52804712,13540.92741
7.53804612,12681.77383
7.54804512,11827.48743
7.55804412,10973.5003
7.56804312,10234.19112
7.57804212,9524.460034
7.58804112,8961.849859
7.59804012,8536.983686
7.60803912,8173.5533
7.61803812,7905.825657
7.62803712,7781.806265
7.63803612,7723.921352
7.64803512,7511.454868
7.65803412,7331.744322
7.66803312,7164.928587
7.67803212,7080.872271
7.68803112,7005.360458
7.69803012,6919.285426
7.70802912,6757.109243
7.71802812,6543.538569
7.72802712,6473.468857
7.73802612,6390.733708
7.74802512,6265.728367
7.75802412,6181.834211
7.76802312,6067.434008
7.77802212,6039.359982
7.78802112,6027.231746
7.79802012,5995.02408
7.80801912,6038.543829
7.81801812,6044.871495
7.82801712,6012.225793
7.83801612,6082.078111
7.84801512,6094.037094
7.85801412,6200.086834
7.86801312,6404.096275
7.87801212,6483.844641
7.88801112,6731.184074
7.89801012,7085.063533
7.90800912,7415.046153
7.91800812,7796.394035
7.92800712,8360.663446
7.93800612,8911.607617
7.94800512,9610.413025
7.95800412,10527.51823
7.96800312,11271.5395
7.97800212,12142.43658
7.98800112,12975.17223
7.99800012,13568.0045
8.00799912,14384.54508
8.01799812,15074.62584
8.02799712,15412.13699
8.03799612,15623.07542
8.04799512,15575.61676
8.05799412,15395.12997
8.06799312,15035.08966
8.07799212,14503.80196
8.08799112,13790.77499
8.09799012,13043.6899
8.10798912,12283.47786
8.11798812,11529.87067
8.12798712,10898.7058
8.13798612,10307.9166
8.14798512,9644.392303
8.15798412,9130.086123
8.16798312,8824.314777
8.17798212,8641.739022
8.18798112,8402.298364
8.19798012,8229.193372
8.20797912,8098.915817
8.21797812,8086.625031
8.22797712,8105.025626
8.23797612,8121.832964
8.24797512,8148.560084
8.25797412,8191.399365
8.26797312,8230.608132
8.27797212,8141.778565
8.28797112,8098.418241
8.29797012,8023.471485
8.30796912,7852.853635
8.31796812,7821.053326
8.32796712,7697.846246
8.33796612,7570.368247
8.34796512,7582.467189
8.35796412,7476.13583
8.36796312,7358.928711
8.37796212,7328.108407
8.38796112,7209.462838
8.39796012,7133.455001
8.40795912,7129.034082
8.41795812,7189.051926
8.42795712,7197.061784
8.43795612,7261.040369
8.44795512,7459.041391
8.45795412,7457.201806
8.46795312,7508.101471
8.47795212,7741.259917
8.48795112,8085.684344
8.49795012,8517.383075
8.50794912,8782.878991
8.51794812,9278.024628
8.52794712,10092.0717
8.53794612,10809.30779
8.54794512,11516.51381
8.55794412,12251.88926
8.56794312,13015.01757
8.57794212,13865.27855
8.58794112,14691.17319
8.59794012,15315.18875
8.60793912,15775.72967
8.61793812,16258.21522
8.62793712,16492.47361
8.63793612,16508.19166
8.64793512,16255.19129
8.65793412,15775.47678
8.66793312,15329.28614
8.67793212,14628.892
8.68793112,13895.9203
8.69793012,13201.48006
8.70792912,12378.35093
8.71792812,11476.50303
8.72792712,10685.2705
8.73792612,10097.933
8.74792512,9524.147855
8.75792412,9085.763659
8.76792312,8692.468771
8.77792212,8513.938886
8.78792112,8413.080772
8.79792012,8145.518894
8.80791912,7982.945004
8.81791812,7908.185357
8.82791712,7957.700619
8.83791612,8110.9594
8.84791512,8179.069846
8.85791412,8217.019553
8.86791312,8235.300368
8.87791212,8286.141098
8.88791112,8392.221667
8.89791012,8446.325078
8.90790912,8433.625363
8.91790812,8464.709151
8.92790712,8380.103869
8.93790612,8256.754561
8.94790512,8106.515459
8.95790412,8087.242217
8.96790312,8140.203139
8.97790212,7975.48872
8.98790112,7877.323709
8.99790012,7775.30925
9.00789912,7725.181352
9.01789812,7706.462483
9.02789712,7603.964357
9.03789612,7563.388165
9.04789512,7549.697532
9.05789412,7529.393285
9.06789312,7401.870166
9.07789212,7314.998914
9.08789112,7392.869843
9.09789012,7417.547321
9.10788912,7431.104327
9.11788812,7427.747949
9.12788712,7438.943296
9.13788612,7418.687833
9.14788512,7343.51608
9.15788412,7376.183036
9.16788312,7371.870778
9.17788212,7388.903349
9.18788112,7438.623604
9.19788012,7501.155486
9.20787912,7554.470042
9.21787812,7497.193821
9.22787712,7448.714039
9.23787612,7496.822924
9.24787512,7552.838131
9.25787412,7517.635368
9.26787312,7485.673086
9.27787212,7537.989618
9.28787112,7545.997122
9.29787012,7616.567964
9.30786912,7681.510056
9.31786812,7623.541127
9.32786712,7547.74265
9.33786612,7500.907065
9.34786512,7615.015972
9.35786412,7647.495207
9.36786312,7536.480387
9.37786212,7531.241552
9.38786112,7569.640254
9.39786012,7657.275913
9.40785912,7683.82669
9.41785812,7746.311165
9.42785712,7758.575289
9.43785612,7676.053484
9.44785512,7853.042933
9.45785412,7952.601784
9.46785312,8043.911222
9.47785212,8170.411962
9.48785112,8227.333419
9.49785012,8320.61768
9.50784912,8474.796545
9.51784812,8640.477795
9.52784712,8645.513283
9.53784612,8667.930692
9.54784512,8681.789267
9.55784412,8714.011115
9.56784312,8769.764879
9.57784212,8728.252167
9.58784112,8710.219376
9.59784012,8622.797422
9.60783912,8589.659817
9.61783812,8677.775934
9.62783712,8547.486173
9.63783612,8382.084277
9.64783512,8309.573546
9.65783412,8236.835644
9.66783312,8125.327838
9.67783212,8034.935071
9.68783112,7848.876471
9.69783012,7665.258747
9.70782912,7684.754994
9.71782812,7701.64512
9.72782712,7659.922072
9.73782612,7473.801246
9.74782512,7345.192274
9.75782412,7524.981801
9.76782312,7587.673605
9.77782212,7476.854811
9.78782112,7540.27892
9.79782012,7471.285741
9.80781912,7301.656609
9.81781812,7353.904129
9.82781712,7468.726348
9.83781612,7520.384404
9.84781512,7508.200204
9.85781412,7389.37733
9.86781312,7397.066428
9.87781212,7451.910826
9.88781112,7475.440575
9.89781012,7529.752271
9.90780912,7426.781597
9.91780812,7394.087656
9.92780712,7445.101738
9.93780612,7473.384985
9.94780512,7533.983236
9.95780412,7486.400227
9.96780312,7365.485593
9.97780212,7409.572527
9.98780112,7466.065124
9.99780012,7410.263332
10.00779912,7470.956332
10.01779812,7479.112427
10.02779712,7500.274566
10.03779612,7508.127742
10.04779512,7441.358969
10.05779412,7472.965122
10.06779312,7493.38181
10.07779212,7473.650879
10.08779112,7433.931044
10.09779012,7436.06187
10.10778912,7475.78629
10.11778812,7471.854485
10.12778712,7492.929069
10.13778612,7524.906484
10.14778512,7505.682632
10.15778412,7433.136394
10.16778312,7453.453646
10.17778212,7439.718126
10.18778112,7507.863194
10.19778012,7569.877056
10.20777912,7492.073397
10.21777812,7448.848703
10.22777712,7425.458896
10.23777612,7408.175012
10.24777512,7423.913085
10.25777412,7448.715101
10.26777312,7435.224884
10.27777212,7420.18885
10.28777112,7441.056815
10.29777012,7449.349648
10.30776912,7464.916727
10.31776812,7440.897382
10.32776712,7426.007036
10.33776612,7413.010948
10.34776512,7418.875938
10.35776412,7374.402781
10.36776312,7313.867827
10.37776212,7400.347198
10.38776112,7412.804674
10.39776012,7409.102737
10.40775912,7403.237619
10.41775812,7354.063777
10.42775712,7347.480839
10.43775612,7433.015352
10.44775512,7411.824978
10.45775412,7331.531246
10.46775312,7483.417275
10.47775212,7458.168588
10.48775112,7309.510891
10.49775012,7358.298312
10.50774912,7355.842084
10.51774812,7309.527553
10.52774712,7317.986556
10.53774612,7251.095264
10.54774512,7312.192351
10.55774412,7392.171752
10.56774312,7258.285026
10.57774212,7298.082332
10.58774112,7465.005144
10.59774012,7440.510575
10.60773912,7278.913405
10.61773812,7267.38538
10.62773712,7331.947331
10.63773612,7300.896082
10.64773512,7271.344437
10.65773412,7294.365889
10.66773312,7381.713085
10.67773212,7292.049495
10.68773112,7314.12225
10.69773012,7350.211445
10.70772912,7350.719479
10.71772812,7314.655152
10.72772712,7255.170122
10.73772612,7238.755975
10.74772512,7353.226712
10.75772412,7327.379364
10.76772312,7394.085541
10.77772212,7388.733656
10.78772112,7260.917685
10.79772012,7210.010443
10.80771912,7164.511409
10.81771812,7107.450699
10.82771712,7212.943437
10.83771612,7303.007637
10.84771512,7226.870811
10.85771412,7282.373008
10.86771312,7271.314235
10.87771212,7272.540125
10.88771112,7195.843712
10.89771012,7180.82741
10.90770912,7135.109569
10.91770812,7145.773078
10.92770712,7176.364995
10.93770612,7057.532619
10.94770512,7163.322523
10.95770412,7178.812537
10.96770312,7241.793011
10.97770212,7256.587229
10.98770112,7267.867212
10.99770012,7173.817563
11.00769912,7108.064451
11.01769812,7133.455364
11.02769712,7090.983604
11.03769612,7031.803385
11.04769512,7025.526444
11.05769412,7024.373013
11.06769312,6972.75376
11.07769212,6920.124156
11.08769112,7075.23214
11.09769012,7083.369073
11.10768912,7022.738781
11.11768812,6988.922885
11.12768712,6972.3411
11.13768612,7005.869099
11.14768512,7067.58684
11.15768412,7050.270147
11.16768312,7022.671446
11.17768212,6914.317405
11.18768112,6863.265246
11.19768012,6926.493233
11.20767912,6947.160639
11.21767812,6969.097885
11.22767712,6928.237114
11.23767612,6853.030185
11.24767512,6974.028709
11.25767412,7013.815675
11.26767312,6931.8835
11.27767212,6895.396942
11.28767112,6915.38041
11.29767012,6847.109469
11.30766912,6836.935149
11.31766812,6780.681839
11.32766712,6850.132666
11.33766612,6882.059675
11.34766512,6915.307484
11.35766412,6880.943468
11.36766312,6791.245535
11.37766212,6721.965528
11.38766112,6760.526508
11.39766012,6747.787919
11.40765912,6719.36256
11.41765812,6701.398779
11.42765712,6717.195299
11.43765612,6668.88569
11.44765512,6735.665737
11.45765412,6756.041333
11.46765312,6672.797121
11.47765212,6583.78253
11.48765112,6577.746514
11.49765012,6629.211266
11.50764912,6567.176696
11.51764812,6624.035766
11.52764712,6732.678626
11.53764612,6695.383663
11.54764512,6645.565392
11.55764412,6591.328363
11.56764312,6619.680976
11.57764212,6592.167502
11.58764112,6616.638158
11.59764012,6533.065716
11.60763912,6487.701801
11.61763812,6480.373863
11.62763712,6565.451648
11.63763612,6524.684668
11.64763512,6470.767109
11.65763412,6579.549134
11.66763312,6495.228455
11.67763212,6456.251396
11.68763112,6505.529032
11.69763012,6567.00541
11.70762912,6602.465101
11.71762812,6494.230349
11.72762712,6436.908926
11.73762612,6476.42439
11.74762512,6478.838029
11.75762412,6347.976561
11.76762312,6380.099069
11.77762212,6392.855807
11.78762112,6271.85268
11.79762012,6307.961405
11.80761912,6383.198375
11.81761812,6365.380987
11.82761712,6361.583424
11.83761612,6463.72803
11.84761512,6420.833169
11.85761412,6355.644971
11.86761312,6219.93549
11.87761212,6286.71213
11.88761112,6228.876304
11.89761012,6245.111884
11.90760912,6312.538317
11.91760812,6318.670036
11.92760712,6268.04619
11.93760612,6214.302687
11.94760512,6205.275414
11.95760412,6275.672011
11.96760312,6219.851113
11.97760212,6177.273025
11.98760112,6085.891454
11.99760012,6108.294793
12.00759912,6165.411999
12.01759812,6159.370062
12.02759712,6184.911435
12.03759612,6232.785776
12.04759512,6178.470519
12.05759412,6118.500122
12.06759312,6083.496302
12.07759212,6109.775181
12.08759112,6094.289891
12.09759012,5982.672962
12.10758912,6000.86307
12.11758812,6088.855887
12.12758712,5956.994197
12.13758612,5934.19669
12.14758512,5931.28701
12.15758412,5967.492696
12.16758312,6051.215205
12.17758212,5933.751553
12.18758112,5998.777756
12.19758012,6085.051805
12.20757912,5962.560861
12.21757812,5982.943213
12.22757712,6006.384248
12.23757612,5978.339065
12.24757512,5895.91023
12.25757412,5872.893974
12.26757312,5892.704811
12.27757212,5963.041925
12.28757112,5857.246625
12.29757012,5884.49845
12.30756912,5856.055822
12.31756812,5734.940144
12.32756712,5725.332905
12.33756612,5811.148277
12.34756512,5955.568622
12.35756412,5868.676875
12.36756312,5748.984437
12.37756212,5881.579306
12.38756112,5798.150287
12.39756012,5755.050621
12.40755912,5746.195337
12.41755812,5686.42905
12.42755712,5664.555256
12.43755612,5703.458114
12.44755512,5708.910567
12.45755412,5776.566323
12.46755312,5694.5435
12.47755212,5737.466194
12.48755112,5712.001942
12.49755012,5659.378234
12.50754912,5745.964815
12.51754812,5729.398589
12.52754712,5595.464224
12.53754612,5634.976645
12.54754512,5579.306035
12.55754412,5636.161512
12.56754312,5640.880292
12.57754212,5657.317013
12.58754112,5545.145276
12.59754012,5522.687088
12.60753912,5555.632121
12.61753812,5568.748118
12.62753712,5533.334964
12.63753612,5540.90551
12.64753512,5555.528375
12.65753412,5505.697361
12.66753312,5549.950006
12.67753212,5360.100505
12.68753112,5460.582419
12.69753012,5552.448382
12.70752912,5458.605411
12.71752812,5553.206813
12.72752712,5569.641668
12.73752612,5407.296752
12.74752512,5396.161
12.75752412,5494.618913
12.76752312,5477.799794
12.77752212,5298.553992
12.78752112,5321.700274
12.79752012,5392.278252
12.80751912,5361.586752
12.81751812,5465.536858
12.82751712,5286.412303
12.83751612,5358.409764
12.84751512,5343.609261
12.85751412,5210.671326
12.86751312,5364.62347
12.87751212,5206.507576
12.88751112,5302.143894
12.89751012,5277.602458
12.90750912,5225.78364
12.91750812,5254.642751
12.92750712,5278.877842
12.93750612,5222.643484
12.94750512,5105.852185
12.95750412,5214.167291
12.96750312,5115.768774
12.97750212,5149.745016
12.98750112,5221.280663
12.99750012,5198.766038
13.00749912,5258.748342
13.01749812,5159.524199
13.02749712,5137.748237
13.03749612,5159.943958
13.04749512,5174.305189
13.05749412,5185.014256
13.06749312,5175.812348
13.07749212,5099.483609
13.08749112,5143.235054
13.09749012,5153.218318
13.10748912,5134.010623
13.11748812,5139.493574
13.12748712,5072.687456
13.13748612,5054.006229
13.14748512,4973.598267
13.15748412,4858.493629
13.16748312,4913.099594
13.17748212,4947.874162
13.18748112,4989.84557
13.19748012,5011.716306
13.20747912,5004.028914
13.21747812,4891.198174
13.22747712,5051.617395
13.23747612,4974.51563
13.24747512,4952.488037
13.25747412,4858.263876
13.26747312,4955.921996
13.27747212,4850.245869
13.28747112,4928.886818
13.29747012,4910.676071
13.30746912,4916.362281
13.31746812,4845.651285
13.32746712,4946.152985
13.33746612,4819.381089
13.34746512,4905.132649
13.35746412,4953.112959
13.36746312,4792.415398
13.37746212,4793.130929
13.38746112,4779.655871
13.39746012,4764.704963
13.40745912,4730.942951
13.41745812,4692.608611
13.42745712,4886.779353
13.43745612,4765.896969
13.44745512,4756.530191
13.45745412,4689.99837
13.46745312,4741.472606
13.47745212,4683.582796
13.48745112,4685.411319
13.49745012,4612.972598
13.50744912,4611.1632
13.51744812,4684.076341
13.52744712,4634.456635
13.53744612,4661.805677
13.54744512,4560.730062
13.55744412,4569.11178
13.56744312,4706.788876
13.57744212,4511.388916
13.58744112,4603.082118
13.59744012,4691.176394
13.60743912,4648.900376
13.61743812,4491.222864
13.62743712,4526.632203
13.63743612,4566.761492
13.64743512,4527.282736
13.65743412,4461.030898
13.66743312,4410.742041
13.67743212,4547.18984
13.68743112,4579.512541
13.69743012,4482.582703
13.70742912,4437.97251
13.71742812,4405.316734
13.72742712,4449.935464
13.73742612,4399.39968
13.74742512,4479.46792
13.75742412,4505.533189
13.76742312,4467.220215
13.77742212,4453.409716
13.78742112,4386.651537
13.79742012,4329.53882
13.80741912,4364.71286
13.81741812,4347.353505
13.82741712,4268.872657
13.83741612,4317.954889
13.84741512,4303.242703
13.85741412,4336.792461
13.86741312,4326.424514
13.87741212,4301.141471
13.88741112,4273.298047
13.89741012,4158.631606
13.90740912,4258.734523
13.91740812,4290.947132
13.92740712,4241.579407
13.93740612,4168.700978
13.94740512,4242.487637
13.95740412,4181.31527
13.96740312,4174.151162
13.97740212,4143.364388
13.98740112,4112.402655
13.99740012,4220.512541
14.00739912,4147.008704
14.01739812,4154.601678
14.02739712,4149.173903
14.03739612,4063.350922
14.04739512,4091.331747
14.05739412,4073.728184
14.06739312,4146.211764
14.07739212,4122.42042
14.08739112,3978.704234
14.09739012,4022.051135
14.10738912,4075.804768
14.11738812,4117.507153
14.12738712,4030.971301
14.13738612,4063.308615
14.14738512,3948.931555
14.15738412,4033.352334
14.16738312,3893.871877
14.17738212,3898.564314
14.18738112,3948.42429
14.19738012,3996.599305
14.20737912,4002.208282
14.21737812,3828.097761
14.22737712,3880.386034
14.23737612,3938.964059
14.24737512,3853.823758
14.25737412,3960.913411
14.26737312,3917.213949
14.27737212,3875.131515
14.28737112,3879.12318
14.29737012,3810.351733
14.30736912,3829.57024
14.31736812,3700.762966
14.32736712,3832.381463
14.33736612,3811.890697
14.34736512,3768.781949
14.35736412,3808.718085
14.36736312,3782.733782
14.37736212,3777.964743
14.38736112,3659.242148
14.39736012,3741.000488
14.40735912,3704.345948
14.41735812,3811.215579
14.42735712,3734.592338
14.43735612,3714.666085
14.44735512,3711.89422
14.45735412,3602.58432
14.46735312,3710.777605
14.47735212,3671.583945
14.48735112,3668.40996
14.49735012,3674.256157
14.50734912,3563.806258
14.51734812,3603.080994
14.52734712,3600.048353
14.53734612,3658.746567
14.54734512,3554.337974
14.55734412,3634.768907
14.56734312,3517.476777
14.57734212,3525.101667
14.58734112,3588.688197
14.59734012,3585.015522
14.60733912,3601.289597
14.61733812,3509.977378
14.62733712,3578.441932
14.63733612,3578.892304
14.64733512,3378.073123
14.65733412,3443.062612
14.66733312,3404.426743
14.67733212,3457.495624
14.68733112,3460.576131
14.69733012,3473.888895
14.70732912,3487.297872
14.71732812,3553.785817
14.72732712,3350.704535
14.73732612,3481.437081
14.74732512,3416.275865
14.75732412,3431.815052
14.76732312,3371.83262
14.77732212,3415.543876
14.78732112,3440.317352
14.79732012,3281.951897
14.80731912,3255.638088
14.81731812,3296.642558
14.82731712,3329.213177
14.83731612,3384.671169
14.84731512,3332.257349
14.85731412,3269.566338
14.86731312,3303.885878
14.87731212,3370.564901
14.88731112,3291.172929
14.89731012,3273.131564
14.90730912,3280.76154
14.91730812,3257.556297
14.92730712,3259.722697
14.93730612,3275.778403
14.94730512,3251.895298
14.95730412,3254.945662
14.96730312,3216.862702
14.97730212,3204.557596
14.98730112,3147.056306
14.99730012,3165.893406
15.00729912,3083.496969
15.01729812,3166.396985
15.02729712,3224.748596
15.03729612,3145.706713
15.04729512,3128.433158
15.05729412,3062.090797
15.06729312,3091.737268
15.07729212,3135.507403
15.08729112,3201.924982
15.09729012,3083.672878
15.10728912,3085.878243
15.11728812,3072.736671
15.12728712,3026.430125
15.13728612,3154.565692
15.14728512,3091.844744
15.15728412,2998.129521
15.16728312,2985.365296
15.17728212,2929.964746
15.18728112,3126.474276
15.19728012,3013.185387
15.20727912,2919.960219
15.21727812,2979.512155
15.22727712,3062.050481
15.23727612,2841.000137
15.24727512,2924.343751
15.25727412,3015.637433
15.26727312,3014.438382
15.27727212,2935.386473
15.28727112,2980.167004
15.29727012,2867.400226
15.30726912,2916.810766
15.31726812,2846.312913
15.32726712,2981.281017
15.33726612,2879.530162
15.34726512,2877.933727
15.35726412,2947.133113
15.36726312,2834.917986
15.37726212,2783.537516
15.38726112,2851.949354
15.39726012,2862.100341
15.40725912,2807.890487
15.41725812,2853.817767
15.42725712,2787.765414
15.43725612,2872.528863
15.44725512,2784.299228
15.45725412,2774.570178
15.46725312,2820.139734
15.47725212,2748.747498
15.48725112,2753.177667
15.49725012,2731.240135
15.50724912,2765.420649
15.51724812,2753.22088
15.52724712,2672.691297
15.53724612,2742.351194
15.54724512,2792.849234
15.55724412,2739.027717
15.56724312,2623.222474
15.57724212,2667.641835
15.58724112,2749.525277
15.59724012,2737.237106
15.60723912,2696.546745
15.61723812,2681.6923
15.62723712,2686.438732
15.63723612,2659.44811
15.64723512,2631.83092
15.65723412,2659.577545
15.66723312,2651.642098
15.67723212,2646.238485
15.68723112,2520.877975
15.69723012,2633.714505
15.70722912,2668.596434
15.71722812,2620.54434
15.72722712,2480.387615
15.73722612,2489.869211
15.74722512,2627.523716
15.75722412,2536.709637
15.76722312,2506.658432
15.77722212,2419.878912
15.78722112,2566.043469
15.79722012,2493.97503
15.80721912,2467.766047
15.81721812,2327.449692
15.82721712,2543.970727
15.83721612,2532.713358
15.84721512,2497.874363
15.85721412,2415.400997
15.86721312,2494.656143
15.87721212,2505.426067
15.88721112,2479.833595
15.89721012,2445.021273
15.90720912,2392.288282
15.91720812,2424.099868
15.92720712,2385.248122
15.93720612,2495.773119
15.94720512,2464.206885
15.95720412,2369.267174
15.96720312,2406.757208
15.97720212,2422.293524
15.98720112,2372.612573
15.99720012,2385.256661
16.00719912,2393.495058
16.01719812,2268.614795
16.02719712,2324.083069
16.03719612,2373.285407
16.04719512,2339.482961
16.05719412,2422.189204
16.06719312,2298.119799
16.07719212,2259.571357
16.08719112,2288.618222
16.09719012,2313.750421
16.10718912,2279.626159
16.11718812,2234.884464
16.12718712,2239.242339
16.13718612,2232.74618
16.14718512,2194.814978
16.15718412,2320.764904
16.16718312,2227.132956
16.17718212,2321.713201
16.18718112,2181.054962
16.19718012,2104.218161
16.20717912,2164.817256
16.21717812,2238.391777
16.22717712,2275.934947
16.23717612,2190.249365
16.24717512,2180.734136
16.25717412,2187.042001
16.26717312,2171.127421
16.27717212,2249.521076
16.28717112,2197.96019
16.29717012,2159.098187
16.30716912,2134.4771
16.31716812,2096.198468
16.32716712,2136.005185
16.33716612,2104.047019
16.34716512,2148.675067
16.35716412,2161.619098
16.36716312,2146.092729
16.37716212,2092.243501
16.38716112,2029.61352
16.39716012,2166.952885
16.40715912,2122.299904
16.41715812,2080.479466
16.42715712,2109.175542
16.43715612,2044.223781
16.44715512,2074.776644
16.45715412,2059.205777
16.46715312,2078.698169
16.47715212,2030.193014
16.48715112,2042.818752
16.49715012,2006.441835
16.50714912,2094.540923
16.51714812,2052.085824
16.52714712,2085.120855
16.53714612,1976.642232
16.54714512,2039.445888
16.55714412,1979.390398
16.56714312,2065.619007
16.57714212,1946.047146
16.58714112,1999.626553
16.59714012,2054.366363
16.60713912,2040.618275
16.61713812,2033.592472
16.62713712,1945.976019
16.63713612,1865.875116
16.64713512,1998.466763
16.65713412,1952.56149
16.66713312,1931.017776
16.67713212,1933.31941
16.68713112,1925.172876
16.69713012,1896.719555
16.70712912,1919.021401
16.71712812,1962.337094
16.72712712,1932.893541
16.73712612,1905.985834
16.74712512,1914.635882
16.75712412,1868.908311
16.76712312,1929.225375
16.77712212,1878.725213
16.78712112,1903.351875
16.79712012,1920.446351
16.80711912,1881.683885
16.81711812,1923.219434
16.82711712,1952.117241
16.83711612,1867.302389
16.84711512,1874.749984
16.85711412,1934.235716
16.86711312,1838.54469
16.87711212,1779.989168
16.88711112,1892.176282
16.89711012,1868.589978
16.90710912,1789.652914
16.91710812,1893.141767
16.92710712,1874.685178
16.93710612,1835.360219
16.94710512,1824.905583
16.95710412,1863.529504
16.96710312,1859.979721
16.97710212,1761.373838
16.98710112,1732.838898
16.99710012,1791.592413
17.00709912,1835.383934
17.01709812,1780.0152
17.02709712,1822.641965
17.03709612,1869.85126
17.04709512,1812.480256
17.05709412,1868.787783
17.06709312,1809.358794
17.07709212,1690.927883
17.08709112,1747.07333
17.09709012,1755.170141
17.10708912,1809.10842
17.11708812,1810.877789
17.12708712,1771.462304
17.13708612,1721.471363
17.14708512,1743.874111
17.15708412,1755.633326
17.16708312,1784.973933
17.17708212,1727.369909
17.18708112,1715.525419
17.19708012,1797.475854
17.20707912,1801.372985
17.21707812,1679.600367
17.22707712,1718.685012
17.23707612,1734.724247
17.24707512,1763.837964
17.25707412,1731.330004
17.26707312,1716.51595
17.27707212,1746.504083
17.28707112,1759.050943
17.29707012,1728.307085
17.30706912,1720.287102
17.31706812,1666.894091
17.32706712,1691.073941
17.33706612,1696.962183
17.34706512,1692.051544
17.35706412,1660.226346
17.36706312,1687.493011
17.37706212,1684.091252
17.38706112,1701.751969
17.39706012,1667.077978
17.40705912,1712.722534
17.41705812,1676.488117
17.42705712,1683.758898
17.43705612,1738.529934
17.44705512,1668.634182
17.45705412,1708.50068
17.46705312,1762.909097
17.47705212,1734.882441
17.48705112,1684.463539
17.49705012,1687.948874
17.50704912,1742.747171
17.51704812,1734.965437
17.52704712,1714.158875
17.53704612,1666.878672
17.54704512,1709.952461
17.55704412,1705.581075
17.56704312,1789.63645
17.57704212,1698.810212
17.58704112,1719.047037
17.59704012,1753.388008
17.60703912,1735.649138
17.61703812,1778.538404
17.62703712,1744.536433
17.63703612,1776.962146
17.64703512,1737.593524
17.65703412,1774.746841
17.66703312,1723.352477
17.67703212,1707.505751
17.68703112,1676.532978
17.69703012,1722.475612
17.70702912,1786.124111
17.71702812,1747.544695
17.72702712,1706.906238
17.73702612,1758.163449
17.74702512,1741.545089
17.75702412,1666.12315
17.76702312,1719.070636
17.77702212,1765.251566
17.78702112,1787.605131
17.79702012,1752.003268
17.80701912,1800.139589
17.81701812,1772.335514
17.82701712,1778.795562
17.83701612,1787.747337
17.84701512,1807.045392
17.85701412,1814.262924
17.86701312,1854.412191
17.87701212,1852.347962
17.88701112,1803.315253
17.89701012,1853.630389
17.90700912,1902.234767
17.91700812,1861.855966
17.92700712,1856.796646
17.93700612,1903.764419
17.94700512,1922.244553
17.95700412,1901.354152
17.96700312,1945.783191
17.97700212,1914.161707
17.98700112,1912.295948
17.99700012,1873.694034
18.00699912,1988.047483
18.01699812,1952.524129
18.02699712,2059.142512
18.03699612,2022.095598
18.04699512,2011.905094
18.05699412,2015.684846
18.06699312,2041.256559
18.07699212,2149.401721
18.08699112,2086.0171
18.09699012,2146.043205
18.10698912,2130.197071
18.11698812,2144.437788
18.12698712,2127.034977
18.13698612,2181.919281
18.14698512,2177.312509
18.15698412,2212.117609
18.16698312,2212.753592
18.17698212,2282.654258
18.18698112,2311.581495
18.19698012,2375.36657
18.20697912,2315.112302
18.21697812,2368.735885
18.22697712,2492.482891
18.23697612,2499.54796
18.24697512,2516.907522
18.25697412,2590.842557
18.26697312,2716.877604
18.27697212,2704.222378
18.28697112,2751.798511
18.29697012,2819.70487
18.30696912,2873.871328
18.31696812,3017.218139
18.32696712,3004.502066
18.33696612,3027.505868
18.34696512,3225.036537
18.35696412,3255.006683
18.36696312,3381.111324
18.37696212,3528.397002
18.38696112,3580.618306
18.39696012,3636.335315
18.40695912,3785.577217
18.41695812,3957.793776
18.42695712,3973.31572
18.43695612,4162.224124
18.44695512,4302.938025
18.45695412,4413.91868
18.46695312,4617.686171
18.47695212,4726.893655
18.48695112,4846.768708
18.49695012,5052.17919
18.50694912,5177.030292
18.51694812,5362.202737
18.52694712,5425.716837
18.53694612,5525.609404
18.54694512,5894.287016
18.55694412,6009.77631
18.56694312,6073.356052
18.57694212,6236.928417
18.58694112,6394.143802
18.59694012,6463.536062
18.60693912,6669.494152
18.61693812,6950.580862
18.62693712,6967.499823
18.63693612,7168.422261
18.64693512,7196.297997
18.65693412,7435.452517
18.66693312,7523.66181
18.67693212,7645.379815
18.68693112,7649.283855
18.69693012,7801.486402
18.70692912,7960.791367
18.71692812,7935.74084
18.72692712,7993.589786
18.73692612,8122.936784
18.74692512,8195.050815
18.75692412,8243.514182
18.76692312,8163.2947
18.77692212,8261.291883
18.78692112,8119.015486
18.79692012,8224.118534
18.80691912,8212.217138
18.81691812,8098.731414
18.82691712,8003.975218
18.83691612,7926.196831
18.84691512,7891.918978
18.85691412,7821.713996
18.86691312,7736.721438
18.87691212,7577.687944
18.88691112,7429.307006
18.89691012,7283.36683
18.90690912,7210.553966
18.91690812,7068.137208
18.92690712,6931.261586
18.93690612,6770.622266
18.94690512,6786.36377
18.95690412,6518.454886
18.96690312,6337.64568
18.97690212,6116.126371
18.98690112,5966.335918
18.99690012,5909.810275
19.00689912,5744.175579
19.01689812,5592.68038
19.02689712,5484.33114
19.03689612,5392.762534
19.04689512,5154.639381
19.05689412,4883.382489
19.06689312,4816.036324
19.07689212,4593.063905
19.08689112,4513.94701
19.09689012,4320.5968
19.10688912,4180.851848
19.11688812,3975.788841
19.12688712,3822.69006
19.13688612,3737.3336
19.14688512,3554.938355
19.15688412,3379.746829
19.16688312,3320.982204
19.17688212,3256.200632
19.18688112,3172.537216
19.19688012,2975.074995
19.20687912,2927.556059
19.21687812,2787.10846
19.22687712,2670.716716
19.23687612,2598.052092
19.24687512,2522.893095
19.25687412,2431.873369
19.26687312,2374.352761
19.27687212,2323.491462
19.28687112,2295.162138
19.29687012,2236.185238
19.30686912,2165.553239
19.31686812,2022.807479
19.32686712,1993.267507
19.33686612,1958.607689
19.34686512,1918.290514
19.35686412,1887.625193
19.36686312,1878.904089
19.37686212,1812.533934
19.38686112,1670.882715
19.39686012,1682.908236
19.40685912,1670.866641
19.41685812,1605.599263
19.42685712,1593.939313
19.43685612,1608.623091
19.44685512,1561.671403
19.45685412,1526.6264
19.46685312,1496.604842
19.47685212,1499.033399
19.48685112,1490.258758
19.49685012,1436.135774
19.50684912,1359.688109
19.51684812,1363.041451
19.52684712,1318.46197
19.53684612,1365.599892
19.54684512,1356.86338
19.55684412,1263.076908
19.56684312,1277.285796
19.57684212,1263.180943
19.58684112,1246.836294
19.59684012,1277.90453
19.60683912,1227.694202
19.61683812,1216.725972
19.62683712,1200.938037
19.63683612,1181.803556
19.64683512,1167.797476
19.65683412,1143.751724
19.66683312,1143.255925
19.67683212,1116.771178
19.68683112,1094.871783
19.69683012,1099.566494
19.70682912,1064.26279
19.71682812,1007.300641
19.72682712,1026.51257
19.73682612,1013.761699
19.74682512,995.6455058
19.75682412,986.0236758
19.76682312,972.377519
19.77682212,995.3537148
19.78682112,933.7357123
19.79682012,939.4422222
19.80681912,937.6300092
19.81681812,891.1365711
19.82681712,876.2991806
19.83681612,906.4973716
19.84681512,943.9350057
19.85681412,949.8241222
19.86681312,941.4807288
19.87681212,955.6531585
19.88681112,951.6704843
19.89681012,945.3518531
19.90680912,939.8506384
19.91680812,936.7272995
19.92680712,951.0224777
19.93680612,988.5495928
19.94680512,979.5488807
19.95680412,1038.053796
19.96680312,1124.807679
19.97680212,1149.455975
19.98680112,1162.248236
19.99680012,1215.986385
20.00679912,1209.062539
20.01679812,1287.493202
20.02679712,1356.513248
20.03679612,1403.139482
20.04679512,1405.680354
20.05679412,1422.221009
20.06679312,1472.810092
20.07679212,1515.659133
20.08679112,1552.90083
20.09679012,1661.854524
20.10678912,1680.732609
20.11678812,1671.211329
20.12678712,1683.514719
20.13678612,1710.166212
20.14678512,1742.107363
20.15678412,1783.658539
20.16678312,1832.594945
20.17678212,1795.654979
20.18678112,1754.69613
20.19678012,1822.373927
20.20677912,1825.24981
20.21677812,1707.923917
20.22677712,1681.755539
20.23677612,1650.089714
20.24677512,1590.641969
20.25677412,1515.144249
20.26677312,1466.210447
20.27677212,1449.794534
20.28677112,1373.79418
20.29677012,1317.503605
20.30676912,1282.110191
20.31676812,1238.374788
20.32676712,1143.183473
20.33676612,1063.1675
20.34676512,1046.309768
20.35676412,967.7009518
20.36676312,935.7913512
20.37676212,905.1300405
20.38676112,844.3315829
20.39676012,807.6218347
20.40675912,800.8590977
20.41675812,781.6028588
20.42675712,774.5119147
20.43675612,770.3590301
20.44675512,732.2087343
20.45675412,715.0855135
20.46675312,703.9867538
20.47675212,718.314371
20.48675112,721.8309619
20.49675012,730.648465
20.50674912,730.4576254
20.51674812,688.1269349
20.52674712,718.0317411
20.53674612,716.2573627
20.54674512,712.3176317
20.55674412,720.3106801
20.56674312,735.4736485
20.57674212,764.2994443
20.58674112,752.3316665
20.59674012,733.2934584
20.60673912,766.3259031
20.61673812,774.9355457
20.62673712,778.0057762
20.63673612,807.2980341
20.64673512,830.870756
20.65673412,814.988316
20.66673312,796.5364508
20.67673212,820.6277393
20.68673112,819.5942629
20.69673012,851.9644529
20.70672912,847.6155871
20.71672812,850.5528862
20.72672712,892.2068509
20.73672612,943.4105761
20.74672512,942.0696866
20.75672412,940.3739074
20.76672312,932.5112498
20.77672212,931.2863409
20.78672112,972.9648083
20.79672012,991.2979711
20.80671912,1003.968679
20.81671812,1034.216034
20.82671712,1040.422819
20.83671612,987.4159731
20.84671512,1032.325388
20.85671412,1067.778431
20.86671312,1038.615025
20.87671212,1053.037091
20.88671112,1067.620117
20.89671012,1063.050952
20.90670912,1049.535057
20.91670812,1049.860937
20.92670712,1050.624065
20.93670612,1063.858516
20.94670512,1080.648555
20.95670412,1061.490134
20.96670312,1085.20287
20.97670212,1088.842337
20.98670112,1059.565753
20.99670012,1043.798986
21.00669912,1036.405137
21.01669812,1033.508348
21.02669712,1075.30434
21.03669612,1100.883521
21.04669512,1039.696358
21.05669412,1034.496865
21.06669312,1017.387789
21.07669212,992.1019795
21.08669112,967.6397478
21.09669012,997.1571281
21.10668912,991.103745
21.11668812,971.5618713
21.12668712,994.0926599
21.13668612,948.3722629
21.14668512,906.7194417
21.15668412,889.1035162
21.16668312,904.1874583
21.17668212,904.0144888
21.18668112,885.5384233
21.19668012,864.1790151
21.20667912,841.1187284
21.21667812,833.0487272
21.22667712,836.9953739
21.23667612,827.2337027
21.24667512,808.6159647
21.25667412,788.3066413
21.26667312,763.2209465
21.27667212,744.2923275
21.28667112,747.6581188
21.29667012,753.6462554
21.30666912,710.5216617
21.31666812,681.2006772
21.32666712,687.482626
21.33666612,649.1747457
21.34666512,638.2184539
21.35666412,645.1297805
21.36666312,618.2135178
21.37666212,604.3173082
21.38666112,592.9035683
21.39666012,576.0284274
21.40665912,581.4693713
21.41665812,567.7953427
21.42665712,554.8142889
21.43665612,548.7948928
21.44665512,539.5849694
21.45665412,517.4046358
21.46665312,518.3117736
21.47665212,496.8554792
21.48665112,471.9737908
21.49665012,475.5282419
21.50664912,465.9788558
21.51664812,461.2318221
21.52664712,481.1040438
21.53664612,475.6481685
21.54664512,447.4118957
21.55664412,442.7871124
21.56664312,424.1178935
21.57664212,416.5036589
21.58664112,438.1781521
21.59664012,416.8439284
21.60663912,379.3925935
21.61663812,381.4523902
21.62663712,382.886336
21.63663612,380.9208854
21.64663512,379.418782
21.65663412,376.4153302
21.66663312,352.8387867
21.67663212,321.3839717
21.68663112,315.3949295
21.69663012,333.8918232
21.70662912,334.4670926
21.71662812,335.8435584
21.72662712,334.5303365
21.73662612,324.8613719
21.74662512,327.482377
21.75662412,310.0579962
21.76662312,307.2959144
21.77662212,301.1622951
21.78662112,290.3300886
21.79662012,287.0742741
21.80661912,274.9608054
21.81661812,282.1814632
21.82661712,309.0344858
21.83661612,304.4702369
21.84661512,296.0451019
21.85661412,287.613819
21.86661312,265.3617948
21.87661212,275.1873875
21.88661112,269.863644
21.89661012,261.2278982
21.90660912,261.1421073
21.91660812,273.6653526
21.92660712,270.397269
21.93660612,260.7351429
21.94660512,273.1469529
21.95660412,260.3012627
21.96660312,251.9342043
21.97660212,245.2614114
21.98660112,250.2743095
21.99660012,262.0283239
22.00659912,258.5001656
22.01659812,250.7796408
22.02659712,248.6411488
22.03659612,243.0977028
22.04659512,236.5489339
22.05659412,244.7815092
22.06659312,245.508234
22.07659212,242.0530325
22.08659112,224.5224867
22.09659012,213.4297838
22.10658912,215.3423004
22.11658812,219.5954052
22.12658712,223.1221496
22.13658612,214.3051898
22.14658512,220.9868522
22.15658412,230.1489659
22.16658312,213.2366449
22.17658212,208.1895353
22.18658112,225.8774625
22.19658012,211.2388452
22.20657912,198.6359572
22.21657812,208.6702627
22.22657712,213.4670526
22.23657612,202.7466853
22.24657512,209.0043778
22.25657412,207.1503726
22.26657312,208.8693359
22.27657212,209.6664395
22.28657112,197.7329647
22.29657012,193.6534004
22.30656912,194.8937855
22.31656812,194.7510217
22.32656712,184.9497596
22.33656612,201.5143967
22.34656512,205.2537596
22.35656412,180.3896996
22.36656312,183.2020778
22.37656212,190.3158604
22.38656112,174.1235208
22.39656012,178.2600941
22.40655912,183.0115917
22.41655812,175.0817382
22.42655712,169.5636661
22.43655612,185.8538723
22.44655512,177.8332274
22.45655412,163.1044715
22.46655312,171.5763833
22.47655212,181.5312874
22.48655112,187.9773081
22.49655012,187.6320144
22.50654912,184.9562695
22.51654812,182.9053076
22.52654712,188.6794484
22.53654612,195.3539336
22.54654512,171.3684272
22.55654412,176.1545379
22.56654312,198.7733091
22.57654212,198.6477831
22.58654112,201.5978161
22.59654012,207.9225164
22.60653912,210.8819632
22.61653812,212.8163086
22.62653712,197.7231766
22.63653612,185.5695208
22.64653512,196.5588873
22.65653412,225.1315802
22.66653312,248.4253678
22.67653212,234.1916686
22.68653112,226.0296786
22.69653012,225.6670382
22.70652912,238.7987462
22.71652812,237.5252973
22.72652712,233.5566112
22.73652612,236.8667674
22.74652512,215.9854737
22.75652412,218.9367541
22.76652312,219.3450416
22.77652212,215.0329832
22.78652112,201.8180651
22.79652012,192.9321324
22.80651912,181.9687154
22.81651812,181.7404827
22.82651712,197.6683413
22.83651612,181.2928611
22.84651512,174.1453572
22.85651412,166.6931186
22.86651312,158.1539436
22.87651212,161.1443093
22.88651112,153.1435914
22.89651012,155.5245711
22.90650912,157.3544954
22.91650812,147.5633327
22.92650712,146.473931
22.93650612,144.2672602
22.94650512,135.4270855
22.95650412,148.5063913
22.96650312,143.4773679
22.97650212,135.854205
22.98650112,140.7757748
22.99650012,136.9910945
23.00649912,124.198285
23.01649812,122.9155274
23.02649712,140.2852467
23.03649612,133.7145533
23.04649512,138.797779
23.05649412,145.3237986
23.06649312,148.6236636
23.07649212,151.3987705
23.08649112,149.3235949
23.09649012,144.6021276
23.10648912,133.6484412
23.11648812,131.0637443
23.12648712,146.9634033
23.13648612,157.8331718
23.14648512,139.818748
23.15648412,139.9084079
23.16648312,143.197859
23.17648212,143.8237036
23.18648112,127.1810624
23.19648012,137.4263795
23.20647912,136.9576247
23.21647812,136.0230874
23.22647712,134.7797812
23.23647612,120.9325605
23.24647512,123.1498063
23.25647412,122.528006
23.26647312,118.636958
23.27647212,127.8908428
23.28647112,132.9407159
23.29647012,130.3863629
23.30646912,129.9510171
23.31646812,134.7630522
23.32646712,128.0302017
23.33646612,124.7376513
23.34646512,123.2563701
23.35646412,115.6709934
23.36646312,121.6115798
23.37646212,127.0838827
23.38646112,112.6572396
23.39646012,100.2237387
23.40645912,108.301545
23.41645812,109.6551836
23.42645712,121.922551
23.43645612,131.0006243
23.44645512,106.7162738
23.45645412,101.751386
23.46645312,107.6482107
23.47645212,108.9504492
23.48645112,104.7561671
23.49645012,101.1178808
23.50644912,108.9347977
23.51644812,105.815482
23.52644712,99.93854164
23.53644612,102.6908229
23.54644512,109.9965192
23.55644412,116.6921262
23.56644312,113.4032538
23.57644212,102.4199875
23.58644112,105.1176328
23.59644012,92.99882411
23.60643912,95.20674417
23.61643812,91.31681435
23.62643712,102.3262591
23.63643612,108.9263114
23.64643512,98.90320553
23.65643412,93.63330532
23.66643312,107.6199214
23.67643212,104.2928665
23.68643112,97.61320157
23.69643012,96.33844274
23.70642912,82.96197318
23.71642812,90.86560236
23.72642712,103.6621238
23.73642612,96.29531014
23.74642512,99.19937435
23.75642412,104.0275699
23.76642312,97.56160524
23.77642212,97.69655633
23.78642112,96.45537277
23.79642012,112.1513608
23.80641912,115.4774456
23.81641812,104.5996563
23.82641712,99.86827014
23.83641612,99.09533859
23.84641512,116.346688
23.85641412,97.6327014
23.86641312,99.79720219
23.87641212,101.8367964
23.88641112,99.89638435
23.89641012,112.4414253
23.90640912,98.16900132
23.91640812,88.96503109
23.92640712,109.7067398
23.93640612,101.6590094
23.94640512,91.50178286
23.95640412,99.60265821
23.96640312,105.0222312
23.97640212,90.87325958
23.98640112,87.9473578
23.99640012,94.19981655
24.00639912,85.1949086
24.01639812,82.90537412
24.02639712,91.35284794
24.03639612,85.72328493
24.04639512,80.18202669
24.05639412,88.74147953
24.06639312,87.447982
24.07639212,89.45041638
24.08639112,87.74626374
24.09639012,90.46965973
24.10638912,86.05751875
24.11638812,91.34553053
24.12638712,110.1383707
24.13638612,100.8883059
24.14638512,75.47624669
24.15638412,86.87824437
24.16638312,90.45011545
24.17638212,88.06595123
24.18638112,99.47796265
24.19638012,89.80494067
24.20637912,87.24784063
24.21637812,89.97168395
24.22637712,90.37290448
24.23637612,73.81449122
24.24637512,68.08504249
24.25637412,87.37159758
24.26637312,89.53953465
24.27637212,85.9655096
24.28637112,87.64129183
24.29637012,89.69753651
24.30636912,87.87851858
24.31636812,97.4055235
24.32636712,91.50688828
24.33636612,84.66390071
24.34636512,95.84382787
24.35636412,93.23211591
24.36636312,91.20503964
24.37636212,80.66070208
24.38636112,73.04734124
24.39636012,78.67947661
24.40635912,82.70218067
24.41635812,75.86010633
24.42635712,78.80473574
24.43635612,75.919165
24.44635512,88.51523597
24.45635412,95.06792301
24.46635312,80.54797692
24.47635212,83.8884281
24.48635112,84.66137751
24.49635012,90.73555674
24.50634912,80.80085062
24.51634812,84.38744466
24.52634712,80.48597836
24.53634612,83.53107912
24.54634512,86.67066454
24.55634412,83.47950438
24.56634312,79.80211338
24.57634212,68.04872483
24.58634112,77.46886058
24.59634012,80.23486573
24.60633912,82.93593568
24.61633812,76.91008824
24.62633712,69.2160344
24.63633612,74.21891908
24.64633512,78.46121349
24.65633412,82.21042278
24.66633312,86.95909166
24.67633212,80.45893214
24.68633112,76.97741267
24.69633012,76.40742596
24.70632912,87.29416088
24.71632812,74.86394885
24.72632712,83.35261314
24.73632612,64.18599057
24.74632512,74.04122552
24.75632412,88.85039247
24.76632312,78.38609572
24.77632212,81.39620392
24.78632112,69.11362938
24.79632012,76.19445978
24.80631912,78.15299258
24.81631812,83.14908507
24.82631712,83.89115586
24.83631612,72.79256807
24.84631512,71.30356303
24.85631412,83.15921735
24.86631312,92.06691115
24.87631212,75.96443176
24.88631112,76.41976234
24.89631012,81.64652154
24.90630912,93.04767509
24.91630812,84.93543744
24.92630712,67.50820134
24.93630612,71.40965138
24.94630512,85.43951305
24.95630412,72.67485033
24.96630312,79.50423889
24.97630212,73.42925531
24.98630112,81.06932144
24.99630012,76.85807613
25.00629912,68.31401182
25.01629812,52.61809814
25.02629712,60.66368509
25.03629612,79.43762991
25.04629512,72.22651953
25.05629412,65.74286944
25.06629312,68.20739543
25.07629212,80.61031858
25.08629112,80.17667728
25.09629012,66.76541282
25.10628912,59.22094994
25.11628812,71.99501404
25.12628712,62.86837947
25.13628612,69.75713829
25.14628512,67.91993124
25.15628412,65.2133101
25.16628312,67.67838754
25.17628212,61.03612141
25.18628112,68.34029149
25.19628012,68.21689527
25.20627912,75.13906909
25.21627812,65.93868577
25.22627712,61.40366932
25.23627612,73.5417765
25.24627512,69.37330123
25.25627412,75.96364846
25.26627312,77.01972037
25.27627212,67.42410396
25.28627112,78.44659677
25.29627012,80.44351799
25.30626912,64.82078746
25.31626812,58.61610364
25.32626712,56.0170748
25.33626612,68.22132221
25.34626512,71.40369199
25.35626412,79.0186303
25.36626312,69.42146196
25.37626212,63.41566749
25.38626112,64.82175693
25.39626012,66.21885666
25.40625912,71.64146816
25.41625812,58.4195186
25.42625712,60.01639945
25.43625612,57.61433579
25.44625512,49.39494085
25.45625412,55.41061733
25.46625312,58.80289952
25.47625212,63.82136101
25.48625112,56.80268533
25.49625012,63.42583714
25.50624912,64.01659729
25.51624812,74.23329896
25.52624712,65.22770793
25.53624612,57.42839231
25.54624512,57.41473941
25.55624412,64.23157107
25.56624312,55.00925145
25.57624212,60.83605923
25.58624112,54.59938446
25.59624012,63.21997725
25.60623912,58.00184095
25.61623812,66.41682379
25.62623712,64.02518794
25.63623612,48.99177479
25.64623512,55.19813553
25.65623412,61.6382331
25.66623312,53.21118102
25.67623212,59.01836725
25.68623112,62.82636981
25.69623012,59.63873379
25.70622912,49.80909388
25.71622812,51.98474088
25.72622712,61.03194119
25.73622612,50.19612078
25.74622512,58.58712934
25.75622412,70.63654069
25.76622312,58.63912431
25.77622212,49.40768195
25.78622112,50.61286382
25.79622012,53.58746497
25.80621912,69.64723755
25.81621812,61.21173739
25.82621712,63.23782362
25.83621612,51.42132237
25.84621512,51.80003386
25.85621412,64.41878782
25.86621312,65.46270666
25.87621212,49.79181122
25.88621112,58.84288096
25.89621012,51.59821906
25.90620912,58.60738113
25.91620812,59.23429188
25.92620712,52.01540717
25.93620612,51.21322397
25.94620512,48.99224204
25.95620412,52.82284455
25.96620312,51.42813254
25.97620212,49.81005902
25.98620112,51.83275362
25.99620012,49.78975348
26.00619912,59.64045811
26.01619812,51.03791945
26.02619712,43.35201357
26.03619612,62.59545427
26.04619512,64.6617569
26.05619412,47.80446015
26.06619312,49.83184616
26.07619212,49.37572582
26.08619112,65.4490549
26.09619012,57.83509743
26.10618912,52.62397698
26.11618812,52.79970421
26.12618712,58.43491348
26.13618612,53.59094741
26.14618512,57.84580158
26.15618412,48.61925331
26.16618312,47.01208422
26.17618212,48.0029179
26.18618112,52.41017384
26.19618012,54.80580431
26.20617912,58.21867595
26.21617812,57.83346371
26.22617712,53.60734686
26.23617612,53.84394624
26.24617512,46.78745535
26.25617412,52.63576041
26.26617312,47.60621437
26.27617212,49.2292111
26.28617112,44.43345734
26.29617012,41.16305602
26.30616912,51.64834953
26.31616812,43.39531036
26.32616712,50.00667467
26.33616612,53.03739833
26.34616512,50.39540779
26.35616412,54.0491225
26.36616312,49.16546035
26.37616212,58.85645424
26.38616112,46.79270653
26.39616012,51.39679319
26.40615912,55.84218189
26.41615812,51.40974459
26.42615712,52.03418137
26.43615612,46.04857147
26.44615512,39.78353272
26.45615412,49.1774231
26.46615312,56.24505926
26.47615212,47.63543789
26.48615112,42.5937965
26.49615012,44.42471892
26.50614912,40.83027901
26.51614812,37.57397366
26.52614712,45.58288988
26.53614612,52.60843858
26.54614512,52.85764973
26.55614412,44.00892868
26.56614312,44.80030083
26.57614212,45.26655696
26.58614112,38.12624663
26.59614012,55.60415133
26.60613912,56.05581972
26.61613812,46.63779488
26.62613712,43.55913133
26.63613612,52.44889566
26.64613512,45.42378731
26.65613412,42.6154851
26.66613312,41.7957373
26.67613212,45.80290791
26.68613112,48.42513828
26.69613012,44.83016131
26.70612912,39.02649231
26.71612812,35.79557964
26.72612712,41.56395774
26.73612612,48.68772403
26.74612512,38.53430974
26.75612412,51.4449476
26.76612312,46.57352389
26.77612212,49.67879799
26.78612112,36.39111507
26.79612012,40.74174158
26.80611912,49.66479739
26.81611812,41.1794118
26.82611712,45.8186428
26.83611612,43.05504934
26.84611512,36.77829365
26.85611412,44.80223459
26.86611312,45.86321096
26.87611212,38.57901241
26.88611112,43.44244145
26.89611012,38.56103837
26.90610912,45.00306495
26.91610812,44.03305239
26.92610712,41.96402234
26.93610612,50.21444443
26.94610512,46.13388079
26.95610412,27.96261794
26.96610312,38.55176608
26.97610212,49.607897
26.98610112,49.28807785
26.99610012,39.57046435
27.00609912,46.59246493
27.01609812,46.46074432
27.02609712,34.43956645
27.03609612,30.14964475
27.04609512,39.5954598
27.05609412,42.20729789
27.06609312,40.8675045
27.07609212,33.37486288
27.08609112,42.72531977
27.09609012,56.65781059
27.10608912,49.07075021
27.11608812,41.60364978
27.12608712,42.65412006
27.13608612,38.18218493
27.14608512,41.06007875
27.15608412,34.173665
27.16608312,39.39443809
27.17608212,41.58945563
27.18608112,44.9754588
27.19608012,46.08911276
27.20607912,37.12994098
27.21607812,47.48508959
27.22607712,38.95344767
27.23607612,44.28251087
27.24607512,33.19317914
27.25607412,35.36496987
27.26607312,41.20125175
27.27607212,39.08533924
27.28607112,28.16415525
27.29607012,34.56415744
27.30606912,40.0409327
27.31606812,34.84246508
27.32606712,32.73304217
27.33606612,43.81793243
27.34606512,42.43181757
27.35606412,39.62166655
27.36606312,41.11050206
27.37606212,51.88129297
27.38606112,43.20355489
27.39606012,41.47808305
27.40605912,32.17123496
27.41605812,36.04324072
27.42605712,33.56697061
27.43605612,38.26690947
27.44605512,32.75918235
27.45605412,40.98443953
27.46605312,44.04435
27.47605212,40.19771909
27.48605112,41.00554706
27.49605012,41.78166581
27.50604912,41.71492678
27.51604812,30.32848131
27.52604712,39.62750725
27.53604612,35.8790797
27.54604512,29.13742551
27.55604412,37.23596945
27.56604312,35.75853521
27.57604212,40.29696764
27.58604112,28.99735657
27.59604012,29.00239705
27.60603912,30.36358299
27.61603812,35.42224842
27.62603712,32.80759515
27.63603612,32.58761933
27.64603512,35.97914212
27.65603412,38.65905587
27.66603312,32.4277301
27.67603212,32.13399729
27.68603112,41.79017757
27.69603012,41.14797306
27.70602912,25.97274303
27.71602812,30.58118758
27.72602712,32.04106732
27.73602612,29.16762695
27.74602512,32.46110363
27.75602412,28.51705337
27.76602312,39.20788029
27.77602212,40.60113788
27.78602112,42.83128196
27.79602012,39.11929572
27.80601912,27.58071922
27.81601812,28.8404909
27.82601712,25.73641489
27.83601612,33.19752701
27.84601512,33.42627583
27.85601412,30.03362783
27.86601312,28.32110182
27.87601212,38.21430434
27.88601112,37.47494884
27.89601012,31.01000745
27.90600912,31.39386583
27.91600812,32.0475048
27.92600712,29.55231577
27.93600612,36.0101667
27.94600512,34.84981735
27.95600412,30.97037503
27.96600312,34.62216047
27.97600212,33.19938933
27.98600112,33.81896902
27.99600012,32.62285412
28.00599912,30.8085908
28.01599812,29.23443465
28.02599712,27.16226179
28.03599612,31.81966525
28.04599512,31.77983023
28.05599412,33.26910092
28.06599312,26.57629403
28.07599212,28.04096887
28.08599112,25.72807576
28.09599012,32.23623081
28.10598912,29.39182425
28.11598812,33.89618567
28.12598712,43.71369615
28.13598612,32.85487567
28.14598512,28.00989975
28.15598412,28.9654752
28.16598312,32.62145305
28.17598212,30.43020613
28.18598112,27.42572672
28.19598012,26.92829201
28.20597912,35.20393198
28.21597812,34.47091726
28.22597712,30.31015231
28.23597612,36.55521508
28.24597512,23.15197103
28.25597412,29.53832556
28.26597312,35.43529248
28.27597212,32.62611476
28.28597112,30.61508662
28.29597012,29.7679353
28.30596912,32.05469662
28.31596812,27.05011737
28.32596712,26.07173611
28.33596612,38.2491031
28.34596512,34.0557125
28.35596412,29.82057791
28.36596312,30.34784202
28.37596212,34.09687967
28.38596112,27.15654133
28.39596012,32.00539186
28.40595912,31.24290849
28.41595812,26.85465858
28.42595712,24.30113129
28.43595612,34.20069378
28.44595512,34.24347069
28.45595412,29.47587008
28.46595312,23.76642597
28.47595212,26.43326586
28.48595112,25.72917151
28.49595012,33.39826436
28.50594912,35.39517345
28.51594812,36.24215745
28.52594712,32.43518239
28.53594612,31.91711724
28.54594512,37.14225025
28.55594412,27.48819546
28.56594312,35.71842056
28.57594212,27.53878746
28.58594112,30.95124022
28.59594012,19.72076534
28.60593912,27.38879175
28.61593812,27.47548616
28.62593712,23.29095242
28.63593612,33.96144812
28.64593512,37.63465102
28.65593412,33.91392005
28.66593312,26.15311618
28.67593212,30.0554187
28.68593112,25.62303699
28.69593012,24.00175241
28.70592912,25.14959897
28.71592812,28.85987536
28.72592712,23.42738282
28.73592612,22.9110605
28.74592512,31.2034493
28.75592412,34.30465427
28.76592312,40.21279077
28.77592212,24.76402749
28.78592112,27.4380078
28.79592012,25.58008283
28.80591912,27.04770256
28.81591812,23.75983527
28.82591712,25.66785902
28.83591612,22.28956239
28.84591512,30.29309891
28.85591412,22.81057014
28.86591312,22.19751088
28.87591212,23.19882382
28.88591112,24.76789534
28.89591012,27.81796025
28.90590912,28.15085945
28.91590812,32.44163765
28.92590712,32.48092576
28.93590612,40.16328762
28.94590512,26.67332574
28.95590412,22.52046452
28.96590312,29.58034241
28.97590212,32.0092133
28.98590112,32.58120571
28.99590012,33.87447697
29.00589912,29.00870215
29.01589812,29.57891885
29.02589712,31.81875413
29.03589612,29.68308827
29.04589512,24.76581553
29.05589412,27.43624914
29.06589312,24.04937524
29.07589212,22.84757666
29.08589112,32.54224311
29.09589012,22.19196687
29.10588912,26.4247763
29.11588812,37.22324598
29.12588712,22.52078102
29.13588612,30.52894557
29.14588512,33.97926796
29.15588412,21.19069694
29.16588312,21.99649975
29.17588212,22.56584226
29.18588112,23.68007864
29.19588012,20.27949204
29.20587912,28.30800373
29.21587812,23.66443389
29.22587712,33.49875374
29.23587612,28.52741836
29.24587512,31.78731323
29.25587412,20.83523973
29.26587312,30.3547944
29.27587212,20.13398138
29.28587112,24.6310017
29.29587012,23.95667844
29.30586912,25.92998167
29.31586812,19.45660313
29.32586712,29.82282022
29.33586612,28.06693094
29.34586512,22.86734503
29.35586412,20.82828598
29.36586312,31.87052661
29.37586212,26.24986042
29.38586112,22.99935197
29.39586012,22.9982254
29.40585912,22.43082086
29.41585812,21.51918873
29.42585712,26.87805713
29.43585612,21.81421703
29.44585512,20.24739917
29.45585412,19.64750338
29.46585312,28.36841454
29.47585212,17.75077412
29.48585112,21.378201
29.49585012,23.19351297
29.50584912,23.62660753
29.51584812,21.24733874
29.52584712,17.43358967
29.53584612,15.94125912
29.54584512,21.13300108
29.55584412,26.00445016
29.56584312,25.63233855
29.57584212,24.19700296
29.58584112,24.43677932
29.59584012,23.51398718
29.60583912,28.31180037
29.61583812,19.68586328
29.62583712,14.93827676
29.63583612,19.18504014
29.64583512,20.75293829
29.65583412,23.06262095
29.66583312,18.81341459
29.67583212,18.7571345
29.68583112,22.94643014
29.69583012,25.68602089
29.70582912,20.94703732
29.71582812,24.62970198
29.72582712,21.8733514
29.73582612,18.31294934
29.74582512,25.3252116
29.75582412,28.94378116
29.76582312,20.38100986
29.77582212,21.25239737
29.78582112,17.99716579
29.79582012,20.63406468
29.80581912,30.69769779
29.81581812,24.25235956
29.82581712,22.50776624
29.83581612,27.69649173
29.84581512,21.63467951
29.85581412,20.7596153
29.86581312,22.68635025
29.87581212,18.49857565
29.88581112,22.93838688
29.89581012,16.43915793
29.90580912,26.44827886
29.91580812,23.25451623
29.92580712,20.94195959
29.93580612,23.69709559
29.94580512,18.37907693
29.95580412,20.94187391
29.96580312,25.00954386
29.97580212,24.44813505
29.98580112,21.81952468
29.99580012,21.75721044
30.00579912,24.25701899
30.01579812,20.44527882
30.02579712,20.62694567
30.03579612,30.88311159
30.04579512,23.75799446
30.05579412,14.55757135
30.06579312,18.30572475
30.07579212,22.88208867
30.08579112,18.37923217
30.09579012,19.07174992
30.10578912,16.87003504
30.11578812,23.13044728
30.12578712,15.93088975
30.13578612,21.12473237
30.14578512,24.3227617
30.15578412,17.75044501
30.16578312,20.82206165
30.17578212,20.19398034
30.18578112,21.19197509
30.19578012,21.82147846
30.20577912,21.3787588
30.21577812,21.88358471
30.22577712,17.55462601
30.23577612,19.0635337
30.24577512,16.11570678
30.25577412,22.1223191
30.26577312,25.3284401
30.27577212,19.49753388
30.28577112,25.07668978
30.29577012,21.3747107
30.30576912,22.62964121
30.31576812,20.25712821
30.32576712,17.74741405
30.33576612,20.43855248
30.34576512,18.18242051
30.35576412,19.74504726
30.36576312,22.82102473
30.37576212,22.75771794
30.38576112,23.96311571
30.39576012,15.74486579
30.40575912,18.63058715
30.41575812,17.37748702
30.42575712,18.9993457
30.43575612,19.74455609
30.44575512,21.32897822
30.45575412,16.04956851
30.46575312,24.2674716
30.47575212,20.07525469
30.48575112,16.37325245
30.49575012,17.99975488
30.50574912,16.13756621
30.51574812,11.71282126
30.52574712,25.40017585
30.53574612,14.18309878
30.54574512,17.04391182
30.55574412,25.0757178
30.56574312,21.18985355
30.57574212,20.70504017
30.58574112,16.30520988
30.59574012,21.63633655
30.60573912,19.07441236
30.61573812,14.99885338
30.62573712,15.74484075
30.63573612,18.81764111
30.64573512,17.81615127
30.65573412,17.18936165
30.66573312,18.74906885
30.67573212,21.26436133
30.68573112,18.36831028
30.69573012,20.56051826
30.70572912,21.52651388
30.71572812,16.11521042
30.72572712,20.63382878
30.73572612,18.44216839
30.74572512,16.92714328
30.75572412,20.44688771
30.76572312,18.92543808
30.77572212,21.14667732
30.78572112,13.92260143
30.79572012,18.00609322
30.80571912,19.49298175
30.81571812,24.5338249
30.82571712,18.74203049
30.83571612,21.26620976
30.84571512,17.44957103
30.85571412,15.73963392
30.86571312,18.99950467
30.87571212,18.25854181
30.88571112,15.73648962
30.89571012,18.44549942
30.90570912,17.66240548
30.91570812,24.63610849
30.92570712,21.52666535
30.93570612,15.00346304
30.94570512,15.18960252
30.95570412,14.52559426
30.96570312,10.58621909
30.97570212,19.78895011
30.98570112,12.76598886
30.99570012,24.63941116
31.00569912,22.63842863
31.01569812,20.63773543
31.02569712,17.89608323
31.03569612,13.18419229
31.04569512,14.00360364
31.05569412,16.21623771
31.06569312,23.98099547
31.07569212,15.00251056
31.08569112,15.92599095
31.09569012,21.11252714
31.10568912,25.27136376
31.11568812,21.08224397
31.12568712,18.10267828
31.13568612,22.4453531
31.14568512,21.11208503
31.15568412,23.24803708
31.16568312,12.10163652
31.17568212,17.17975318
31.18568112,18.00809512
31.19568012,17.46060555
31.20567912,15.19191328
31.21567812,17.11162936
31.22567712,21.27418738
31.23567612,17.81995845
31.24567512,17.18473482
31.25567412,17.81841806
31.26567312,17.18939343
31.27567212,17.82313667
31.28567112,17.37350148
31.29567012,19.19011218
31.30566912,18.8986374
31.31566812,13.99286958
31.32566712,16.02253432
31.33566612,22.43293652
31.34566512,13.2017998
31.35566412,20.80212695
31.36566312,12.47360263
31.37566212,19.56148487
31.38566112,21.45894877
31.39566012,18.64171599
31.40565912,17.18810062
31.41565812,17.08832071
31.42565712,13.37110931
31.43565612,16.84220839
31.44565512,22.07412136
31.45565412,11.01454573
31.46565312,19.63958677
31.47565212,18.74197005
31.48565112,19.9897064
31.49565012,12.46480428
31.50564912,17.71937401
31.51564812,12.73555908
31.52564712,16.91786189
31.53564612,19.72182961
31.54564512,14.36539328
31.55564412,16.91786435
31.56564312,19.7227235
31.57564212,14.37001034
31.58564112,14.90376529
31.59564012,9.99074603
31.60563912,12.5560955
31.61563812,22.90923003
31.62563712,18.18754148
31.63563612,18.27385304
31.64563512,14.26846359
31.65563412,12.09990708
31.66563312,16.82603844
31.67563212,15.27600286
31.68563112,12.54528948
31.69563012,14.99985836
31.70562912,14.63640139
31.71562812,13.18336008
31.72562712,14.18502323
31.73562612,14.2709907
31.74562512,12.64606928
31.75562412,18.17816656
31.76562312,10.54513474
31.77562212,14.82840323
31.78562112,21.54669719
31.79562012,15.54979205
31.80561912,19.09726948
31.81561812,22.18185102
31.82561712,13.81976295
31.83561612,12.63374694
31.84561512,12.09093086
31.85561412,17.72941664
31.86561312,20.81909722
31.87561212,19.09277363
31.88561112,15.55098119
31.89561012,17.0893967
31.90560912,12.81502905
31.91560812,12.36323126
31.92560712,14.73291461
31.93560612,16.73363215
31.94560512,12.09331365
31.95560412,16.45732022
31.96560312,15.64341608
31.97560212,22.28559239
31.98560112,19.18904437
31.99560012,19.45733399
32.00559912,16.6363469
32.01559812,15.00215187
32.02559712,15.00329679
32.03559612,16.09835209
32.04559512,20.46730101
32.05559412,17.46472752
32.06559312,14.64235863
32.07559212,14.82043631
32.08559112,22.28343629
32.09559012,19.00864516
32.10558912,18.27517295
32.11558812,13.90664359
32.12558712,9.172487609
32.13558612,11.44888479
32.14558512,17.45945755
32.15558412,14.08935869
32.16558312,11.99998651
32.17558212,20.2836858
32.18558112,16.64065691
32.19558012,14.82563638
32.20557912,13.46221829
32.21557812,11.54916323
32.22557712,14.18883493
32.23557612,15.72800919
32.24557512,18.82757364
32.25557412,17.64571387
32.26557312,16.72767648
32.27557212,18.91828332
32.28557112,14.54549443
32.29557012,17.36647208
32.30556912,18.28019181
32.31556812,15.00568497
32.32556712,14.27867354
32.33556612,11.36129728
32.34556512,13.36351177
32.35556412,15.36907735
32.36556312,16.28192231
32.37556212,13.35831968
32.38556112,14.81966141
32.39556012,13.63819913
32.40555912,11.82041998
32.41555812,11.54080715
32.42555712,15.44932677
32.43555612,20.56396502
32.44555512,13.27708317
32.45555412,10.90321011
32.46555312,14.64314121
32.47555212,14.26864028
32.48555112,18.73784643
32.49555012,13.53992154
32.50554912,16.36359778
32.51554812,18.36670757
32.52554712,19.27895449
32.53554612,15.28027485
32.54554512,11.27922425
32.55554412,8.000515501
32.56554312,10.34631776
32.57554212,19.56049785
32.58554112,13.00362823
32.59554012,13.54591516
32.60553912,16.18421219
32.61553812,16.8268978
32.62553712,16.3681443
32.63553612,17.46457286
32.64553512,15.54323696
32.65553412,17.64159278
32.66553312,16.00623826
32.67553212,15.10503107
32.68553112,10.9976858
32.69553012,10.99534871
32.70552912,11.17771157
32.71552812,12.18262046
32.72552712,13.90356699
32.73552612,16.92041402
32.74552512,12.17904416
32.75552412,12.64203336
32.76552312,11.36090868
32.77552212,13.17635501
32.78552112,13.09576081
32.79552012,10.25279027
32.80551912,15.28416071
32.81551812,12.36148834
32.82551712,13.28303726
32.83551612,10.71955974
32.84551512,14.00533956
32.85551412,14.36378585
32.86551312,16.36145669
32.87551212,18.72467536
32.88551112,19.67499406
32.89551012,8.998478721
32.90550912,10.07334637
32.91550812,16.61971637
32.92550712,20.95863788
32.93550612,6.820586913
32.94550512,6.354168091
32.95550412,8.17379534
32.96550312,8.9986338
32.97550212,10.0763497
32.98550112,15.18315796
32.99550012,15.64089612
33.00549912,13.10360929
33.01549812,9.179788209
33.02549712,10.17712977
33.03549612,10.99485462
33.04549512,11.71748143
33.05549412,16.25883177
33.06549312,19.85974709
33.07549212,10.89610836
33.08549112,15.0050917
33.09549012,14.46772999
33.10548912,11.10358388
33.11548812,7.355849869
33.12548712,9.53511837
33.13548612,11.28124391
33.14548512,9.071173259
33.15548412,13.10215046
33.16548312,8.995666678
33.17548212,8.820158248
33.18548112,8.534451125
33.19548012,11.54016894
33.20547912,13.64929541
33.21547812,11.28811432
33.22547712,8.897011828
33.23547612,13.00531428
33.24547512,13.35773598
33.25547412,13.57000415
33.26547312,8.778022771
33.27547212,16.29021223
33.28547112,13.53966942
33.29547012,15.47024435
33.30546912,13.36283673
33.31546812,13.75438486
33.32546712,8.714097676
33.33546612,13.43000546
33.34546512,19.47447896
33.35546412,16.11540032
33.36546312,12.36433264
33.37546212,13.29441742
33.38546112,10.89412142
33.39546012,13.9323617
33.40545912,8.999356754
33.41545812,8.461219798
33.42545712,8.13190029
33.43545612,17.11525638
33.44545512,12.82153439
33.45545412,12.00201278
33.46545312,11.650154
33.47545212,10.35824725
33.48545112,11.64569563
33.49545012,10.71042382
33.50544912,13.82205377
33.51544812,12.64650866
33.52544712,11.53338074
33.53544612,13.6485534
33.54544512,12.89704199
33.55544412,16.2970365
33.56544312,12.46786887
33.57544212,10.88929508
33.58544112,15.00429684
33.59544012,15.18189753
33.60543912,16.35760619
33.61543812,16.93866508
33.62543712,11.46693761
33.63543612,10.42674707
33.64543512,16.4812911
33.65543412,13.83050005
33.66543312,12.64820464
33.67543212,10.29412083
33.68543112,8.065123288
33.69543012,12.82424507
33.70542912,11.82268982
33.71542812,9.93505575
33.72542712,6.060608843
33.73542612,11.35529291
33.74542512,13.35745379
33.75542412,14.29555868
33.76542312,11.0015432
33.77542212,10.28976035
33.78542112,6.999287173
33.79542012,7.175899697
33.80541912,8.353042397
33.81541812,10.53498495
33.82541712,12.47253202
33.83541612,9.644967721
33.84541512,9.237442513
33.85541412,14.82053058
33.86541312,14.71155148
33.87541212,17.12451777
33.88541112,12.29665133
33.89541012,10.5961032
33.90540912,15.70600158
33.91540812,6.058577426
33.92540712,11.53619969
33.93540612,12.59034577
33.94540512,6.351365564
33.95540412,7.998611023
33.96540312,7.472891548
33.97540212,6.765384244
33.98540112,13.59004513
33.99540012,6.997013383
34.00539912,8.235380041
34.01539812,13.2987869
34.02539712,10.18139778
34.03539612,11.00483905
34.04539512,11.35284672
34.05539412,11.94445259
34.06539312,7.879951586
34.07539212,11.99989585
34.08539112,12.00067102
34.09539012,11.11546176
34.10538912,7.352406406
34.11538812,10.58884486
34.12538712,16.77202943
34.13538612,11.53239747
34.14538512,12.94532376
34.15538412,9.054466698
34.16538312,13.65050891
34.17538212,11.29729529
34.18538112,9.233591069
34.19538012,14.29798062
34.20537912,10.82366761
34.21537812,9.827077192
34.22537712,10.23690122
34.23537612,15.47755582
34.24537512,12.99969671
34.25537412,12.47328553
34.26537312,11.40447589
34.27537212,16.42140215
34.28537112,9.353199177
34.29537012,10.29885428
34.30536912,7.528630328
34.31536812,11.0581741
34.32536712,14.60255266
34.33536612,8.176986683
34.34536512,9.529331817
34.35536412,11.12584914
34.36536312,7.17508135
34.37536212,8.877613783
34.38536112,12.65051336
34.39536012,11.70137568
34.40535912,13.59792649
34.41535812,7.349819215
34.42535712,9.703745679
34.43535612,13.35272016
34.44535512,14.65451599
34.45535412,12.47854832
34.46535312,9.997483387
34.47535212,11.22771699
34.48535112,15.95613043
34.49535012,11.00322102
34.50534912,10.65321717
34.51534812,10.4052858
34.52534712,16.65908357
34.53534612,15.35560468
34.54534512,15.77703267
34.55534412,9.999998205
34.56534312,10.00354244
34.57534212,10.17736835
34.58534112,10.65277819
34.59534012,9.176855004
34.60533912,10.70351522
34.61533812,13.30690511
34.62533712,9.652260115
34.63533612,8.528570338
34.64533512,11.52683403
34.65533412,13.30343224
34.66533312,10.00177454
34.67533212,9.479783652
34.68533112,7.874691954
34.69533012,12.34895191
34.70532912,13.30316002
34.71532812,10.18169129
34.72532712,10.6550993
34.73532612,10.22284245
34.74532512,15.13067807
34.75532412,10.47654354
34.76532312,8.698401334
34.77532212,12.87680146
34.78532112,15.4348048
34.79532012,8.701237654
34.80531912,11.47984889
34.81531812,9.345335028
34.82531712,10.65171356
34.83531612,9.173636174
34.84531512,10.70113322
34.85531412,12.95695395
34.86531312,8.521715066
34.87531212,11.52774432
34.88531112,12.9602541
34.89531012,9.572768173
34.90530912,15.96628738
34.91530812,10.65785513
34.92530712,9.52356536
34.93530612,11.3071593
34.94530512,7.826839187
34.95530412,7.520666565
34.96530312,9.126104304
34.97530212,5.346884952
34.98530112,8.047012393
34.99530012,12.83014232
35.00529912,12.87544735
35.01529812,15.44274585
35.02529712,8.001339869
35.03529612,8.002124548
35.04529512,7.476454762
35.05529412,6.036800467
35.06529312,10.47601524
35.07529212,8.689524002
35.08529112,11.1343335
35.09529012,7.522945729
35.10528912,8.787381833
35.11528812,3.52212389
35.12528712,6.348745965
35.13528612,8.696631615
35.14528512,11.1379193
35.15528412,8.040559243
35.16528312,13.17595163
35.17528212,12.79337239
35.18528112,8.216127161
35.19528012,13.13577682
35.20527912,8.130092617
35.21527812,4.860944523
35.22527712,9.001933999
35.23527612,9.522920194
35.24527512,12.34788973
35.25527412,12.96804387
35.26527312,8.693560724
35.27527212,11.31008266
35.28527112,7.306896523
35.29527012,4.689807569
35.30526912,8.695397995
35.31526812,11.31146524
35.32526712,8.173363449
35.33526612,8.997214949
35.34526512,9.689590838
35.35526412,12.13827038
35.36526312,8.864360444
35.37526212,11.27169424
35.38526112,2.821777163
35.39526012,2.688999432
35.40525912,6.863675577
35.41525812,9.960069653
35.42525712,5.686758467
35.43525612,9.170099453
35.44525512,10.00014655
35.45525412,9.829100686
35.46525312,9.000349641
35.47525212,9.17405416
35.48525112,9.829428683
35.49525012,8.828116037
35.50524912,8.170136249
35.51524812,9.687800974
35.52524712,11.96205038
35.53524612,7.513130122
35.54524512,9.998040236
35.55524412,9.141206245
35.56524312,5.518595894
35.57524212,8.520302541
35.58524112,10.6613776
35.59524012,10.55599272
35.60523912,16.11634426
35.61523812,6.828957809
35.62523712,6.344387174
35.63523612,7.485185163
35.64523512,5.862116526
35.65523412,10.00278965
35.66523312,9.138768643
35.67523212,5.516268882
35.68523112,8.001655673
35.69523012,8.344453357
35.70522912,8.453227993
35.71522812,2.718687016
35.72522712,10.48716495
35.73522612,8.343594616
35.74522512,9.826855045
35.75522412,8.826938852
35.76522312,7.484570254
35.77522212,4.996804072
35.78522112,6.3752561
35.79522012,11.80345568
35.80521912,6.859896235
35.81521812,11.00547258
35.82521712,10.66018945
35.83521612,10.03084049
35.84521512,13.28371801
35.85521412,5.683880036
35.86521312,9.172884412
35.87521212,9.48699465
35.88521112,7.513578015
35.89521012,10.34608538
35.90520912,11.49242927
35.91520812,9.005802684
35.92520712,8.832570092
35.93520612,8.689757235
35.94520512,11.83514871
35.95520412,10.15018419
35.96520312,5.82991954
35.97520212,5.684878399
35.98520112,9.691402375
35.99520012,12.15036035
36.00519912,9.201206048
36.01519812,13.97475579
36.02519712,8.48064389
36.03519612,6.337542637
36.04519512,7.654714395
36.05519412,6.508256202
36.06519312,8.313567118
36.07519212,5.686130893
36.08519112,8.661440705
36.09519012,6.830934555
36.10518912,6.342300584
36.11518812,8.175708863
36.12518712,9.004440137
36.13518612,9.514811154
36.14518512,11.66216243
36.15518412,9.661919981
36.16518312,7.659145107
36.17518212,7.023811403
36.18518112,11.14745529
36.19518012,6.827517285
36.20517912,7.370275062
36.21517812,13.32322588
36.22517712,9.317430457
36.23517612,6.338456118
36.24517512,7.656552609
36.25517412,6.171391551
36.26517312,6.657787607
36.27517212,5.847921208
36.28517112,10.1729415
36.29517012,10.66427403
36.30516912,8.152011384
36.31516812,4.684220423
36.32516712,7.833858148
36.33516612,7.000307448
36.34516512,6.997451483
36.35516412,6.660711064
36.36516312,5.681165061
36.37516212,7.980866339
36.38516112,4.1867422
36.39516012,9.657274631
36.40515912,7.997011431
36.41515812,7.321219978
36.42515712,4.507963694
36.43515612,8.01920042
36.44515512,12.4902706
36.45515412,8.469861058
36.46515312,2.017801996
36.47515212,7.342314384
36.48515112,9.1732546
36.49515012,10.00190431
36.50514912,9.834570187
36.51514812,8.664923854
36.52514712,7.342210643
36.53514612,8.154255867
36.54514512,4.680926777
36.55514412,9.025989082
36.56514312,12.82242873
36.57514212,7.512361495
36.58514112,8.985961797
36.59514012,5.017666764
36.60513912,9.834668879
36.61513812,8.324473992
36.62513712,5.503959575
36.63513612,7.488897419
36.64513512,4.828458165
36.65513412,3.825281687
36.66513312,4.184979767
36.67513212,9.327403332
36.68513112,6.003176811
36.69513012,6.343659145
36.70512912,8.849307752
36.71512812,11.48166674
36.72512712,4.170078745
36.73512612,5.84862632
36.74512512,9.327387571
36.75512412,6.166791024
36.76512312,7.002574985
36.77512212,6.664647444
36.78512112,5.675512809
36.79512012,9.337588563
36.80511912,11.00283046
36.81511812,11.51232615
36.82511712,12.48394932
36.83511612,5.16618805
36.84511512,6.000225238
36.85511412,5.327356711
36.86511312,2.84537461
36.87511212,7.170251523
36.88511112,7.495250519
36.89511012,5.675565231
36.90510912,9.172437825
36.91510812,8.651323637
36.92510712,2.672256836
36.93510612,6.508906471
36.94510512,9.169214598
36.95510412,10.16940234
36.96510312,10.16108118
36.97510212,5.830445083
36.98510112,6.183285788
36.99510012,10.15157917
37.00509912,2.681750185
37.01509812,10.49621993
37.02509712,8.004728487
37.03509612,8.001134663
37.04509512,7.492181301
37.05509412,5.50468884
37.06509312,7.666703415
37.07509212,7.013651176
37.08509112,12.00635679
37.09509012,11.16225146
37.10508912,7.508764036
37.11508812,9.835605033
37.12508712,8.998592619
37.13508612,8.326722617
37.14508512,5.503619389
37.15508412,9.010585755
37.16508312,12.99569039
37.17508212,8.83991357
37.18508112,12.33385177
37.19508012,8.838839147
37.20507912,8.174399838
37.21507812,8.837499334
37.22507712,8.002237014
37.23507612,7.836622617
37.24507512,7.675828123
37.25507412,10.83763327
37.26507312,10.6758695
37.27507212,13.16817127
37.28507112,9.506417288
37.29507012,10.49388681
37.30506912,3.334334738
37.31506812,5.169681993
37.32506712,5.665263041
37.33506612,4.671929068
37.34506512,6.996262837
37.35506412,2.83777672
37.36506312,6.83396037
37.37506212,5.830450095
37.38506112,4.832500208
37.39506012,4.333747332
37.40505912,6.669314959
37.41505812,8.999417543
37.42505712,4.502074766
37.43505612,7.169331705
37.44505512,7.670021422
37.45505412,5.664626925
37.46505312,4.501937971
37.47505212,7.170602969
37.48505112,8.335503839
37.49505012,9.837584068
37.50504912,8.50410046
37.51504812,6.671798594
37.52504712,9.166704417
37.53504612,4.999431855
37.54504512,5.335124602
37.55504412,6.667979998
37.56504312,5.335557752
37.57504212,7.168652248
37.58504112,8.671929987
37.59504012,11.00219601
37.60503912,6.167191075
37.61503812,6.834122903
37.62503712,6.33397125
37.63503612,7.668937029
37.64503512,5.669971065
37.65503412,3.832789409
37.66503312,3.331406882
37.67503212,4.83408571
37.68503112,4.333141143
37.69503012,5.500392442
37.70502912,3.500584858
37.71502812,6.167541236
37.72502712,6.168261711
37.73502612,2.666065613
37.74502512,5.835086776
37.75502412,5.835269255
37.76502312,10.50511758
37.77502212,12.34127568
37.78502112,9.006206694
37.79502012,9.17108699
37.80501912,10.00583417
37.81501812,8.673264021
37.82501712,2.828905131
37.83501612,6.666439373
37.84501512,5.497653839
37.85501412,7.167951668
37.86501312,3.496101729
37.87501212,6.166240848
37.88501112,6.83656459
37.89501012,5.835739467
37.90500912,5.332578014
37.91500812,7.166590432
37.92500712,8.002843719
37.93500612,8.171553358
37.94500512,7.673747048
37.95500412,2.158650679
37.96500312,8.003905941
37.97500212,8.004142991
37.98500112,8.334750148
37.99500012,8.841465961
38.00499912,3.830439337
38.01499812,8.501407061
38.02499712,10.17592097
38.03499612,5.838679258
38.04499512,4.837602965
38.05499412,3.836358954
38.06499312,3.167297066
38.07499212,4.665822948
38.08499112,8.500611404
38.09499012,9.677733659
38.10498912,3.661655446
38.11498812,6.50525367
38.12498712,4.995069348
38.13498612,10.00665015
38.14498512,10.17081897
38.15498412,9.680803783
38.16498312,3.826181941
38.17498212,7.999855106
38.18498112,8.498640475
38.19498012,10.34336907
38.20497912,6.670711582
38.21497812,5.001698936
38.22497712,4.834856524
38.23497612,4.661241812
38.24497512,7.342738306
38.25497412,4.002831747
38.26497312,4.168769072
38.27497212,4.838954642
38.28497112,3.838126214
38.29497012,2.837297785
38.30496912,2.001710429
38.31496812,2.497353287
38.32496712,4.839088571
38.33496612,4.333742287
38.34496512,5.674863428
38.35496412,3.838313714
38.36496312,4.158128146
38.37496212,9.678444999
38.38496112,7.511761356
38.39496012,5.829276074
38.40495912,9.018712854
38.41495812,3.838474428
38.42495712,3.167485286
38.43495612,3.508742284
38.44495512,2.154917718
38.45495412,7.34748457
38.46495312,4.168233358
38.47495212,4.839490357
38.48495112,3.838661928
38.49495012,4.155690646
38.50494912,8.690909282
38.51494812,2.331067572
38.52494712,4.33272443
38.53494612,6.499006287
38.54494512,8.513902284
38.55494412,5.840559857
38.56494312,5.168820715
38.57494212,6.334167001
38.58494112,7.513368499
38.59494012,4.510883213
38.60493912,2.166147929
38.61493812,3.660208502
38.62493712,6.677218642
38.63493612,5.168633215
38.64493512,5.840800928
38.65493412,5.168579643
38.66493312,5.8408545
38.67493212,4.51152607
38.68493112,3.315496147
38.69493012,9.680159285
38.70492912,7.185993498
38.71492812,3.987422789
38.72492712,7.858884425
38.73492612,2.165799715
38.74492512,3.658815645
38.75492412,7.33405793
38.76492312,7.695625496
38.77492212,1.984748074
38.78492112,7.497852573
38.79492012,9.188909283
38.80491912,4.840374285
38.81491812,4.003420857
38.82491712,4.167269072
38.83491612,5.33191893
38.84491512,6.350807927
38.85491412,3.493869216
38.86491312,6.660095573
38.87491212,9.353694998
38.88491112,5.841443785
38.89491012,5.331597501
38.90490912,6.842352571
38.91490812,6.495952716
38.92490712,8.18979514
38.93490612,3.676313713
38.94490512,2.001710429
38.95490412,2.165210429
38.96490312,3.656458502
38.97490212,6.188754355
38.98490112,2.328549715
38.99490012,4.003420857
39.00489912,4.166786929
39.01489812,4.677597499
39.02489712,3.492503144
39.03489612,5.841845571
39.04489512,5.004276071
39.05489412,4.514579641
39.06489312,2.654531859
39.07489212,5.51559557
39.08489112,3.328869215
39.09489012,4.67802607
39.10488912,3.328762072
39.11488812,5.493490359
39.12488712,7.191618498
39.13488612,3.491619216
39.14488512,6.168122358
39.15488412,6.354129355
39.16488312,3.328440644
39.17488212,5.004276071
39.18488112,4.352740355
39.19488012,2.140855218
39.20487912,7.355520284
39.21487812,3.840617285
39.22487712,3.816449574
39.23487612,7.193091712
39.24487512,2.839842428
39.25487412,2.164406858
39.26487312,3.653244216
39.27487212,6.680700785
39.28487112,4.84166
39.29487012,4.166010143
39.30486912,4.67915107
39.31486812,3.327637072
39.32486712,4.679258213
39.33486612,3.652494216
39.34486512,6.681075785
39.35486412,5.004276071
39.36486312,5.166677858
39.37486212,5.680381285
39.38486112,3.516376213
39.39486012,1.65014093
39.40485912,5.166570715
39.41485812,5.518327713
39.42485712,3.327047787
39.43485612,5.004276071
39.44485512,4.51771357
39.45485412,2.488192573
39.46485312,4.842142142
39.47485212,3.841313714
39.48485112,3.164646
39.49485012,3.841367285
39.50484912,3.326619215
39.51484812,4.842276071
39.52484712,3.679474428
39.53484612,2.487549716
39.54484512,4.680436785
39.55484412,3.002565643
39.56484312,3.488163859
39.57484212,6.166970572
39.58484112,6.844174
39.59484012,6.166917
39.60483912,6.682468642
39.61483812,5.166008215
39.62483712,5.520015213
39.63483612,3.164244215
39.64483512,4.165072643
39.65483412,5.327526072
39.66483312,6.68279007
39.67483212,4.357990355
39.68483112,1.808578431
39.69483012,6.005131286
39.70482912,5.359166998
39.71482812,2.163174715
39.72482712,3.325440644
39.73482612,5.004276071
39.74482512,4.358740355
39.75482412,1.646283788
39.76482312,5.004276071
39.77482212,4.197758212
39.78482112,0.322553572
39.79482012,2.001710429
39.80481912,2.001710429
39.81481812,1.840514
39.82481712,1.645533788
39.83481612,5.165418929
39.84481512,5.682899142
39.85481412,4.003420857
39.86481312,3.842358357
39.87481212,2.841529928
39.88481112,2.323728287
39.89481012,4.003420857
39.90480912,4.164376215
39.91480812,5.487061787
39.92480712,7.202332783
39.93480612,3.002565643
39.94480512,3.163413858
39.95480412,3.52095657
39.96480312,1.483239144
39.97480212,3.842653
39.98480112,2.841824571
39.99480012,2
